model,seed,type_x_len_samples,test_type,ft_type,model_type,dataset,accuracy,type_1_len_0,type_1_len_1,type_1_len_2,type_1_len_3,type_1_len_4,type_1_len_5,type_1_len_6,type_1_len_7,type_1_len_8,type_1_len_9,type_2_len_1,type_2_len_2,type_2_len_3,type_2_len_4,type_2_len_5,type_2_len_6,type_2_len_7,type_2_len_8,type_2_len_9,type_2_len_10,type_3_len_0,type_3_len_1,type_3_len_2,type_3_len_3,type_3_len_4,type_3_len_5,type_3_len_6,type_3_len_7,type_3_len_8,type_3_len_9,type_3_len_10,type_3_len_11,type_3_len_12,type_3_len_13,type_3_len_14,type_3_len_15,type_3_len_16,type_3_len_17,type_3_len_18,type_3_len_19,type_4_len_1,type_4_len_2,type_4_len_3,type_4_len_4,type_4_len_5,type_4_len_6,type_4_len_7,type_4_len_8,type_4_len_9,type_4_len_10,type_4_len_11,type_5_len_7,type_5_len_8,type_5_len_9,type_5_len_10,type_5_len_11,type_5_len_12,type_5_len_13,type_5_len_14,type_5_len_15,type_5_len_16,type_5_len_17,type_5_len_18,type_5_len_19,type_6_len_0,type_6_len_1,type_6_len_2,type_6_len_3,type_6_len_4,type_6_len_5,type_6_len_6,type_6_len_7,type_6_len_8,type_6_len_9,type_6_len_10,type_6_len_11,type_6_len_12,type_6_len_13,type_6_len_14,type_6_len_15,type_6_len_16,type_6_len_17,type_6_len_18,type_7_len_0,type_7_len_1,type_7_len_2,type_7_len_3,type_7_len_4,type_7_len_5,type_7_len_6,type_7_len_7,type_7_len_8,type_7_len_9,type_7_len_10,type_7_len_11,type_7_len_12,type_7_len_13
qwen-7b,1048,1000,normal,lora,meta,meta,98.57,99.0,99.0,99.0,96.0,95.0,95.0,94.0,90.0,93.0,95.0,100.0,100.0,100.0,99.0,97.0,99.0,100.0,99.0,99.0,100.0,98.0,100.0,100.0,100.0,99.0,100.0,95.0,99.0,99.0,99.0,97.0,96.0,98.0,97.0,98.0,99.0,99.0,100.0,98.0,100.0,100.0,97.0,96.0,97.0,95.0,99.0,98.0,99.0,97.0,99.0,98.0,100.0,100.0,100.0,100.0,99.0,100.0,100.0,100.0,100.0,100.0,100.0,99.0,100.0,95.0,99.0,99.0,99.0,100.0,100.0,100.0,100.0,100.0,100.0,99.0,99.0,100.0,100.0,100.0,100.0,100.0,99.0,98.0,94.0,99.0,98.0,99.0,100.0,99.0,100.0,100.0,99.0,100.0,99.0,99.0,97.0,99.0
qwen-7b,1048,1000,normal,lora,base,base,96.68,100.0,100.0,100.0,97.0,94.0,89.0,89.0,87.0,89.0,90.0,100.0,100.0,100.0,99.0,100.0,99.0,98.0,98.0,100.0,100.0,100.0,100.0,100.0,99.0,94.0,96.0,94.0,96.0,95.0,93.0,96.0,97.0,94.0,92.0,95.0,96.0,97.0,96.0,98.0,96.0,99.0,98.0,96.0,94.0,92.0,95.0,93.0,96.0,98.0,99.0,98.0,93.0,90.0,91.0,99.0,97.0,97.0,97.0,98.0,93.0,94.0,93.0,94.0,91.0,100.0,100.0,100.0,100.0,100.0,100.0,100.0,100.0,100.0,100.0,100.0,100.0,100.0,100.0,100.0,99.0,99.0,100.0,100.0,100.0,100.0,100.0,100.0,99.0,100.0,98.0,98.0,95.0,98.0,94.0,86.0,89.0,85.0
qwen-3b,1048,1000,normal,lora,meta,meta,96.55,92.0,97.0,89.0,93.0,90.0,94.0,91.0,80.0,86.0,91.0,100.0,100.0,100.0,97.0,99.0,97.0,97.0,97.0,98.0,95.0,98.0,100.0,99.0,97.0,98.0,97.0,96.0,92.0,93.0,95.0,95.0,95.0,95.0,92.0,96.0,98.0,93.0,95.0,94.0,94.0,97.0,94.0,94.0,91.0,97.0,92.0,94.0,95.0,95.0,93.0,92.0,95.0,97.0,97.0,93.0,96.0,98.0,99.0,99.0,99.0,97.0,99.0,100.0,99.0,93.0,100.0,98.0,100.0,100.0,100.0,100.0,100.0,99.0,99.0,99.0,100.0,99.0,100.0,100.0,99.0,100.0,99.0,100.0,96.0,100.0,99.0,99.0,100.0,100.0,98.0,100.0,99.0,99.0,96.0,100.0,100.0,97.0
qwen-3b,1048,1000,normal,lora,base,base,93.21,99.0,98.0,99.0,88.0,86.0,79.0,78.0,81.0,84.0,76.0,100.0,100.0,100.0,99.0,100.0,100.0,98.0,99.0,95.0,95.0,100.0,99.0,95.0,95.0,95.0,90.0,91.0,90.0,91.0,90.0,90.0,90.0,87.0,91.0,92.0,89.0,91.0,90.0,87.0,85.0,98.0,100.0,94.0,90.0,94.0,91.0,91.0,94.0,97.0,92.0,93.0,82.0,85.0,89.0,85.0,86.0,87.0,89.0,89.0,88.0,82.0,88.0,85.0,88.0,100.0,100.0,100.0,100.0,100.0,100.0,100.0,100.0,100.0,99.0,99.0,99.0,99.0,98.0,100.0,100.0,100.0,99.0,100.0,99.0,100.0,99.0,98.0,97.0,95.0,94.0,93.0,94.0,90.0,88.0,86.0,87.0,89.0
qwen-1.5b,1048,1000,normal,lora,meta,meta,92.78,99.0,89.0,81.0,85.0,78.0,84.0,85.0,81.0,85.0,83.0,100.0,98.0,98.0,94.0,98.0,96.0,93.0,92.0,91.0,85.0,97.0,99.0,95.0,90.0,90.0,90.0,86.0,85.0,83.0,89.0,85.0,90.0,92.0,85.0,85.0,91.0,91.0,92.0,95.0,96.0,96.0,95.0,82.0,86.0,86.0,85.0,83.0,86.0,91.0,87.0,82.0,96.0,94.0,96.0,85.0,94.0,95.0,96.0,99.0,98.0,98.0,100.0,98.0,98.0,97.0,95.0,98.0,100.0,99.0,99.0,99.0,98.0,98.0,96.0,98.0,99.0,97.0,98.0,100.0,97.0,99.0,97.0,96.0,99.0,100.0,97.0,99.0,99.0,95.0,93.0,94.0,97.0,92.0,91.0,94.0,95.0,88.0
qwen-1.5b,1048,1000,normal,lora,base,base,86.05,100.0,90.0,94.0,87.0,80.0,78.0,78.0,74.0,77.0,83.0,98.0,97.0,100.0,99.0,95.0,95.0,98.0,100.0,96.0,99.0,100.0,100.0,96.0,91.0,85.0,81.0,78.0,77.0,80.0,81.0,72.0,76.0,72.0,77.0,79.0,79.0,78.0,77.0,77.0,74.0,96.0,98.0,94.0,91.0,87.0,83.0,85.0,86.0,76.0,79.0,52.0,69.0,74.0,71.0,82.0,79.0,79.0,75.0,79.0,68.0,80.0,74.0,70.0,72.0,100.0,100.0,99.0,99.0,97.0,99.0,98.0,98.0,96.0,95.0,92.0,93.0,91.0,92.0,93.0,92.0,96.0,94.0,94.0,100.0,98.0,99.0,94.0,91.0,89.0,82.0,86.0,74.0,80.0,79.0,74.0,68.0,68.0
qwen-3b,1048,100,normal,lora,meta,meta,84.32,83.0,48.0,45.0,52.0,59.0,63.0,57.0,56.0,56.0,66.0,100.0,98.0,94.0,89.0,92.0,87.0,94.0,91.0,89.0,86.0,94.0,94.0,91.0,89.0,90.0,79.0,76.0,82.0,75.0,77.0,71.0,86.0,83.0,70.0,69.0,70.0,79.0,81.0,82.0,78.0,68.0,68.0,70.0,62.0,67.0,67.0,64.0,76.0,79.0,80.0,81.0,89.0,91.0,94.0,92.0,93.0,94.0,94.0,93.0,95.0,97.0,92.0,90.0,91.0,99.0,99.0,100.0,99.0,95.0,97.0,97.0,96.0,93.0,96.0,94.0,96.0,95.0,97.0,92.0,97.0,94.0,89.0,90.0,100.0,96.0,94.0,90.0,96.0,90.0,91.0,86.0,93.0,87.0,80.0,87.0,79.0,87.0
qwen-3b,1048,100,normal,lora,base,base,66.39,97.0,72.0,59.0,49.0,44.0,40.0,40.0,38.0,41.0,43.0,99.0,95.0,99.0,92.0,89.0,85.0,87.0,88.0,87.0,95.0,100.0,90.0,89.0,75.0,68.0,61.0,50.0,55.0,52.0,47.0,41.0,50.0,42.0,43.0,54.0,58.0,48.0,46.0,46.0,40.0,84.0,72.0,66.0,52.0,54.0,42.0,35.0,46.0,54.0,54.0,24.0,36.0,34.0,45.0,54.0,44.0,42.0,41.0,44.0,42.0,55.0,44.0,55.0,59.0,100.0,99.0,98.0,98.0,93.0,95.0,91.0,90.0,90.0,89.0,89.0,89.0,85.0,87.0,87.0,84.0,85.0,87.0,89.0,99.0,87.0,80.0,80.0,74.0,65.0,63.0,65.0,60.0,62.0,55.0,59.0,44.0,50.0
qwen-7b,1048,100,normal,lora,meta,meta,87.97,92.0,74.0,67.0,70.0,61.0,72.0,66.0,69.0,69.0,72.0,99.0,98.0,96.0,88.0,97.0,88.0,91.0,90.0,84.0,90.0,98.0,100.0,98.0,89.0,88.0,86.0,72.0,85.0,81.0,81.0,75.0,85.0,82.0,78.0,83.0,79.0,84.0,89.0,76.0,85.0,74.0,82.0,79.0,62.0,74.0,75.0,70.0,75.0,84.0,82.0,79.0,94.0,96.0,94.0,95.0,93.0,90.0,100.0,96.0,99.0,99.0,94.0,94.0,97.0,98.0,99.0,98.0,98.0,100.0,99.0,99.0,97.0,97.0,98.0,96.0,97.0,96.0,99.0,98.0,96.0,97.0,89.0,91.0,100.0,99.0,97.0,94.0,97.0,92.0,91.0,90.0,91.0,91.0,85.0,90.0,86.0,84.0
qwen-7b,1048,100,normal,lora,base,base,70.52,99.0,79.0,71.0,57.0,58.0,43.0,45.0,49.0,49.0,56.0,100.0,98.0,99.0,96.0,90.0,89.0,93.0,94.0,88.0,93.0,100.0,97.0,92.0,76.0,71.0,53.0,48.0,56.0,58.0,53.0,42.0,55.0,49.0,52.0,58.0,52.0,55.0,57.0,47.0,50.0,85.0,77.0,56.0,59.0,56.0,35.0,48.0,53.0,60.0,54.0,35.0,43.0,46.0,50.0,54.0,45.0,50.0,58.0,51.0,50.0,56.0,51.0,49.0,58.0,100.0,100.0,97.0,96.0,95.0,94.0,94.0,99.0,91.0,94.0,94.0,92.0,91.0,93.0,94.0,94.0,93.0,96.0,95.0,100.0,93.0,79.0,79.0,82.0,73.0,67.0,69.0,63.0,64.0,63.0,64.0,52.0,44.0
qwen-1.5b,1048,100,normal,lora,meta,meta,76.24,58.0,42.0,34.0,40.0,44.0,56.0,47.0,47.0,48.0,53.0,91.0,92.0,92.0,85.0,86.0,87.0,83.0,85.0,80.0,77.0,99.0,96.0,93.0,82.0,75.0,72.0,60.0,77.0,68.0,67.0,55.0,69.0,57.0,56.0,58.0,61.0,63.0,68.0,62.0,62.0,62.0,56.0,54.0,42.0,53.0,52.0,51.0,56.0,68.0,62.0,63.0,92.0,90.0,85.0,80.0,87.0,92.0,91.0,92.0,93.0,89.0,88.0,86.0,83.0,97.0,98.0,98.0,98.0,99.0,96.0,95.0,93.0,97.0,97.0,94.0,91.0,93.0,90.0,93.0,91.0,91.0,84.0,81.0,98.0,92.0,86.0,82.0,85.0,73.0,76.0,76.0,87.0,68.0,75.0,75.0,79.0,73.0
qwen-1.5b,1048,100,normal,lora,base,base,55.23,96.0,72.0,51.0,39.0,29.0,24.0,29.0,30.0,29.0,37.0,97.0,91.0,91.0,79.0,75.0,72.0,80.0,75.0,79.0,79.0,99.0,89.0,74.0,59.0,54.0,50.0,47.0,38.0,39.0,32.0,34.0,35.0,29.0,37.0,36.0,42.0,31.0,39.0,35.0,36.0,71.0,59.0,38.0,32.0,28.0,26.0,19.0,35.0,35.0,36.0,23.0,19.0,20.0,29.0,42.0,30.0,32.0,46.0,33.0,36.0,35.0,28.0,32.0,37.0,100.0,96.0,89.0,93.0,85.0,81.0,71.0,75.0,75.0,75.0,76.0,72.0,81.0,75.0,83.0,73.0,79.0,87.0,85.0,98.0,82.0,70.0,60.0,67.0,53.0,52.0,48.0,54.0,44.0,48.0,38.0,41.0,41.0
qwen-7b,512,1000,normal,lora,meta,meta,97.0,98.0,97.0,97.0,96.0,97.0,95.0,88.0,86.0,91.0,89.0,100.0,100.0,99.0,100.0,99.0,100.0,99.0,98.0,96.0,94.0,95.0,99.0,99.0,97.0,94.0,98.0,96.0,95.0,95.0,95.0,97.0,97.0,98.0,93.0,94.0,97.0,89.0,95.0,89.0,97.0,95.0,95.0,95.0,96.0,91.0,95.0,93.0,97.0,95.0,96.0,97.0,99.0,99.0,96.0,96.0,94.0,99.0,99.0,100.0,99.0,99.0,100.0,100.0,98.0,96.0,98.0,97.0,100.0,99.0,100.0,99.0,98.0,100.0,99.0,99.0,99.0,99.0,100.0,99.0,100.0,99.0,99.0,98.0,99.0,99.0,99.0,98.0,99.0,99.0,98.0,99.0,99.0,100.0,98.0,99.0,96.0,98.0
qwen-7b,512,1000,normal,lora,base,base,96.06,100.0,96.0,99.0,96.0,94.0,95.0,91.0,95.0,93.0,91.0,100.0,98.0,100.0,100.0,100.0,99.0,100.0,99.0,100.0,100.0,100.0,98.0,99.0,96.0,97.0,93.0,89.0,93.0,93.0,93.0,96.0,92.0,88.0,92.0,92.0,95.0,93.0,95.0,95.0,87.0,98.0,96.0,97.0,94.0,96.0,94.0,94.0,96.0,94.0,96.0,90.0,95.0,95.0,94.0,93.0,97.0,96.0,95.0,95.0,95.0,86.0,93.0,89.0,89.0,100.0,100.0,100.0,100.0,100.0,100.0,100.0,100.0,99.0,99.0,99.0,100.0,100.0,100.0,100.0,99.0,100.0,100.0,100.0,100.0,100.0,100.0,99.0,100.0,98.0,100.0,99.0,93.0,97.0,92.0,91.0,84.0,90.0
qwen-7b,1596,1000,normal,lora,meta,meta,98.81,99.0,97.0,96.0,98.0,96.0,96.0,93.0,95.0,94.0,97.0,100.0,100.0,100.0,100.0,100.0,99.0,100.0,100.0,98.0,100.0,100.0,100.0,100.0,100.0,99.0,99.0,98.0,97.0,96.0,99.0,96.0,99.0,97.0,96.0,97.0,100.0,99.0,98.0,99.0,97.0,97.0,97.0,98.0,95.0,97.0,98.0,99.0,98.0,99.0,98.0,98.0,100.0,99.0,100.0,100.0,100.0,100.0,100.0,100.0,100.0,100.0,100.0,100.0,100.0,100.0,100.0,100.0,100.0,100.0,100.0,100.0,100.0,100.0,100.0,100.0,99.0,99.0,100.0,100.0,100.0,100.0,100.0,100.0,99.0,99.0,99.0,98.0,100.0,100.0,100.0,100.0,99.0,100.0,100.0,100.0,98.0,98.0
qwen-7b,1596,1000,normal,lora,base,base,94.54,100.0,97.0,98.0,94.0,86.0,88.0,87.0,90.0,93.0,91.0,100.0,100.0,100.0,100.0,99.0,100.0,100.0,99.0,100.0,100.0,100.0,99.0,97.0,95.0,93.0,92.0,90.0,93.0,90.0,86.0,91.0,90.0,92.0,91.0,93.0,92.0,93.0,93.0,92.0,93.0,99.0,98.0,97.0,98.0,91.0,95.0,96.0,92.0,96.0,92.0,87.0,85.0,81.0,80.0,83.0,90.0,89.0,90.0,87.0,89.0,86.0,85.0,83.0,84.0,100.0,100.0,100.0,100.0,99.0,100.0,100.0,100.0,99.0,98.0,99.0,100.0,100.0,99.0,99.0,99.0,100.0,99.0,100.0,100.0,100.0,100.0,99.0,97.0,99.0,99.0,99.0,94.0,93.0,94.0,93.0,94.0,88.0
qwen-3b,512,1000,normal,lora,meta,meta,95.68,99.0,96.0,90.0,89.0,88.0,90.0,90.0,81.0,85.0,89.0,100.0,100.0,100.0,95.0,100.0,97.0,100.0,97.0,95.0,91.0,99.0,97.0,99.0,97.0,93.0,94.0,91.0,94.0,95.0,94.0,92.0,95.0,97.0,91.0,93.0,92.0,91.0,95.0,93.0,97.0,97.0,94.0,83.0,86.0,88.0,88.0,86.0,91.0,96.0,96.0,98.0,97.0,99.0,97.0,89.0,97.0,97.0,100.0,98.0,100.0,100.0,100.0,97.0,98.0,93.0,98.0,97.0,100.0,99.0,100.0,99.0,99.0,98.0,100.0,98.0,100.0,100.0,99.0,98.0,100.0,97.0,99.0,99.0,95.0,98.0,99.0,99.0,100.0,99.0,97.0,100.0,99.0,98.0,97.0,100.0,97.0,97.0
qwen-3b,512,1000,normal,lora,base,base,91.8,99.0,95.0,96.0,94.0,89.0,85.0,83.0,86.0,82.0,91.0,100.0,99.0,99.0,97.0,95.0,98.0,99.0,99.0,97.0,98.0,99.0,95.0,88.0,92.0,94.0,87.0,82.0,86.0,87.0,84.0,79.0,88.0,92.0,77.0,87.0,87.0,88.0,88.0,89.0,88.0,98.0,96.0,86.0,91.0,89.0,88.0,92.0,88.0,87.0,92.0,88.0,80.0,82.0,77.0,87.0,86.0,86.0,87.0,91.0,83.0,87.0,85.0,86.0,91.0,100.0,98.0,99.0,99.0,98.0,100.0,97.0,98.0,99.0,99.0,100.0,98.0,97.0,99.0,97.0,98.0,98.0,98.0,94.0,100.0,100.0,98.0,96.0,100.0,95.0,96.0,95.0,90.0,90.0,85.0,87.0,77.0,89.0
qwen-1.5b,512,1000,normal,lora,meta,meta,93.82,99.0,87.0,81.0,79.0,82.0,87.0,82.0,77.0,85.0,85.0,100.0,100.0,100.0,96.0,94.0,92.0,96.0,100.0,93.0,91.0,99.0,99.0,98.0,97.0,92.0,90.0,86.0,94.0,89.0,93.0,91.0,90.0,89.0,85.0,91.0,87.0,88.0,92.0,91.0,93.0,88.0,91.0,90.0,81.0,80.0,86.0,87.0,89.0,90.0,92.0,90.0,100.0,100.0,99.0,100.0,99.0,100.0,99.0,97.0,98.0,100.0,100.0,100.0,99.0,100.0,100.0,98.0,100.0,100.0,98.0,99.0,99.0,98.0,99.0,99.0,98.0,99.0,99.0,100.0,97.0,98.0,91.0,97.0,100.0,100.0,100.0,98.0,97.0,96.0,99.0,96.0,96.0,92.0,89.0,88.0,95.0,91.0
qwen-1.5b,512,1000,normal,lora,base,base,84.15,100.0,88.0,91.0,76.0,75.0,70.0,68.0,75.0,71.0,73.0,100.0,99.0,100.0,96.0,98.0,98.0,96.0,95.0,99.0,98.0,100.0,97.0,90.0,91.0,87.0,77.0,75.0,71.0,72.0,81.0,68.0,72.0,65.0,77.0,76.0,70.0,70.0,74.0,72.0,70.0,96.0,91.0,81.0,89.0,74.0,61.0,68.0,63.0,72.0,65.0,48.0,71.0,69.0,70.0,85.0,79.0,75.0,78.0,80.0,69.0,76.0,72.0,64.0,77.0,100.0,100.0,99.0,97.0,99.0,98.0,99.0,98.0,96.0,96.0,99.0,93.0,96.0,96.0,93.0,90.0,95.0,94.0,94.0,100.0,99.0,96.0,95.0,95.0,89.0,86.0,87.0,80.0,84.0,88.0,83.0,75.0,80.0
qwen-3b,1596,1000,normal,lora,meta,meta,96.24,97.0,93.0,93.0,93.0,89.0,91.0,93.0,87.0,86.0,87.0,99.0,100.0,100.0,100.0,99.0,97.0,99.0,93.0,97.0,95.0,99.0,96.0,99.0,96.0,98.0,93.0,92.0,92.0,94.0,94.0,93.0,97.0,96.0,91.0,96.0,95.0,97.0,96.0,93.0,98.0,94.0,91.0,91.0,93.0,93.0,89.0,93.0,97.0,96.0,94.0,94.0,96.0,95.0,95.0,94.0,94.0,98.0,96.0,98.0,99.0,99.0,100.0,98.0,100.0,97.0,97.0,97.0,100.0,100.0,100.0,100.0,98.0,98.0,100.0,99.0,100.0,100.0,99.0,99.0,98.0,99.0,96.0,98.0,98.0,99.0,99.0,99.0,100.0,99.0,99.0,98.0,100.0,98.0,97.0,99.0,98.0,97.0
qwen-3b,1596,1000,normal,lora,base,base,94.07,100.0,97.0,100.0,96.0,88.0,85.0,85.0,92.0,92.0,84.0,100.0,100.0,100.0,99.0,99.0,100.0,99.0,100.0,100.0,100.0,100.0,100.0,99.0,98.0,98.0,92.0,85.0,89.0,93.0,86.0,89.0,90.0,89.0,90.0,91.0,91.0,91.0,94.0,94.0,94.0,99.0,99.0,93.0,94.0,93.0,94.0,93.0,95.0,94.0,94.0,91.0,79.0,86.0,78.0,90.0,90.0,84.0,91.0,90.0,90.0,86.0,89.0,87.0,90.0,100.0,100.0,100.0,100.0,99.0,100.0,98.0,100.0,99.0,97.0,96.0,99.0,98.0,96.0,96.0,98.0,98.0,98.0,99.0,100.0,99.0,99.0,100.0,99.0,98.0,97.0,97.0,93.0,93.0,92.0,81.0,84.0,84.0
qwen-1.5b,1596,1000,normal,lora,meta,meta,92.74,99.0,90.0,82.0,82.0,83.0,86.0,82.0,78.0,81.0,83.0,100.0,100.0,98.0,95.0,94.0,95.0,94.0,95.0,94.0,90.0,100.0,99.0,96.0,93.0,87.0,91.0,87.0,89.0,84.0,92.0,84.0,84.0,85.0,86.0,83.0,87.0,87.0,90.0,89.0,94.0,92.0,92.0,87.0,84.0,80.0,84.0,87.0,88.0,90.0,85.0,85.0,95.0,97.0,96.0,89.0,90.0,96.0,92.0,97.0,97.0,99.0,94.0,100.0,98.0,100.0,99.0,100.0,100.0,98.0,99.0,100.0,98.0,98.0,95.0,95.0,99.0,99.0,99.0,100.0,99.0,99.0,99.0,96.0,99.0,100.0,100.0,96.0,99.0,97.0,95.0,96.0,98.0,96.0,94.0,94.0,92.0,86.0
qwen-1.5b,1596,1000,normal,lora,base,base,86.49,100.0,88.0,92.0,79.0,75.0,70.0,69.0,78.0,71.0,76.0,100.0,98.0,100.0,96.0,96.0,94.0,96.0,95.0,97.0,95.0,100.0,96.0,96.0,89.0,88.0,82.0,73.0,81.0,79.0,70.0,79.0,84.0,72.0,72.0,82.0,77.0,68.0,84.0,81.0,70.0,96.0,97.0,94.0,90.0,80.0,80.0,82.0,78.0,82.0,76.0,60.0,68.0,74.0,72.0,83.0,74.0,85.0,77.0,80.0,77.0,83.0,78.0,78.0,83.0,100.0,100.0,99.0,98.0,99.0,96.0,99.0,98.0,96.0,98.0,98.0,97.0,94.0,98.0,98.0,93.0,95.0,96.0,92.0,100.0,98.0,96.0,93.0,92.0,91.0,88.0,88.0,90.0,83.0,84.0,76.0,79.0,73.0
qwen-7b,512,100,normal,lora,meta,meta,86.92,99.0,73.0,62.0,61.0,64.0,70.0,64.0,67.0,60.0,72.0,93.0,100.0,98.0,96.0,95.0,88.0,90.0,89.0,90.0,91.0,99.0,100.0,95.0,85.0,89.0,83.0,75.0,79.0,77.0,75.0,74.0,78.0,77.0,71.0,78.0,80.0,77.0,78.0,84.0,84.0,80.0,76.0,74.0,58.0,69.0,76.0,66.0,78.0,77.0,81.0,78.0,94.0,95.0,96.0,93.0,89.0,92.0,96.0,94.0,96.0,98.0,95.0,95.0,97.0,100.0,100.0,98.0,98.0,99.0,97.0,99.0,97.0,94.0,91.0,97.0,97.0,96.0,97.0,97.0,97.0,97.0,87.0,94.0,99.0,98.0,95.0,96.0,97.0,92.0,96.0,94.0,94.0,91.0,88.0,85.0,85.0,86.0
qwen-7b,512,100,normal,lora,base,base,66.1,100.0,76.0,72.0,55.0,45.0,35.0,45.0,36.0,42.0,47.0,99.0,98.0,94.0,96.0,90.0,89.0,88.0,89.0,91.0,81.0,100.0,95.0,85.0,82.0,74.0,65.0,50.0,61.0,53.0,52.0,46.0,49.0,45.0,55.0,54.0,47.0,44.0,48.0,47.0,48.0,76.0,66.0,52.0,54.0,44.0,46.0,42.0,46.0,56.0,56.0,35.0,35.0,36.0,43.0,57.0,46.0,40.0,39.0,35.0,34.0,40.0,27.0,40.0,50.0,100.0,100.0,96.0,95.0,90.0,92.0,93.0,94.0,86.0,89.0,88.0,86.0,87.0,81.0,88.0,83.0,89.0,85.0,90.0,98.0,86.0,76.0,79.0,73.0,67.0,61.0,60.0,56.0,59.0,61.0,59.0,53.0,49.0
qwen-1.5b,512,100,normal,lora,meta,meta,76.81,61.0,51.0,41.0,40.0,49.0,61.0,53.0,49.0,55.0,63.0,93.0,89.0,89.0,84.0,83.0,82.0,84.0,82.0,78.0,82.0,99.0,96.0,88.0,82.0,75.0,74.0,56.0,75.0,67.0,65.0,57.0,71.0,63.0,59.0,54.0,65.0,64.0,67.0,65.0,67.0,69.0,63.0,52.0,45.0,50.0,49.0,49.0,55.0,61.0,55.0,60.0,97.0,95.0,91.0,88.0,89.0,91.0,90.0,92.0,94.0,91.0,90.0,85.0,87.0,100.0,99.0,99.0,98.0,96.0,96.0,97.0,94.0,94.0,92.0,95.0,93.0,95.0,94.0,95.0,94.0,90.0,84.0,84.0,100.0,90.0,85.0,84.0,82.0,70.0,76.0,70.0,81.0,69.0,72.0,74.0,76.0,67.0
qwen-1.5b,512,100,normal,lora,base,base,54.57,97.0,63.0,44.0,31.0,42.0,29.0,32.0,31.0,32.0,37.0,95.0,95.0,89.0,81.0,77.0,71.0,76.0,75.0,77.0,79.0,98.0,84.0,69.0,61.0,63.0,41.0,31.0,44.0,38.0,31.0,31.0,42.0,29.0,29.0,45.0,42.0,31.0,34.0,35.0,29.0,73.0,58.0,36.0,31.0,33.0,34.0,29.0,33.0,31.0,36.0,23.0,18.0,22.0,30.0,43.0,35.0,33.0,34.0,36.0,33.0,42.0,31.0,34.0,34.0,100.0,98.0,92.0,92.0,83.0,84.0,78.0,76.0,72.0,75.0,83.0,74.0,72.0,72.0,82.0,73.0,71.0,79.0,76.0,96.0,72.0,64.0,68.0,67.0,56.0,50.0,38.0,42.0,43.0,48.0,39.0,39.0,37.0
qwen-3b,512,100,normal,lora,meta,meta,85.3,98.0,62.0,62.0,59.0,59.0,68.0,63.0,59.0,56.0,66.0,99.0,95.0,94.0,87.0,89.0,93.0,84.0,88.0,89.0,87.0,94.0,95.0,96.0,88.0,89.0,83.0,70.0,81.0,79.0,77.0,70.0,76.0,77.0,68.0,74.0,75.0,83.0,81.0,82.0,81.0,76.0,72.0,74.0,64.0,66.0,71.0,62.0,75.0,78.0,79.0,76.0,92.0,94.0,93.0,88.0,96.0,92.0,97.0,88.0,95.0,95.0,96.0,96.0,98.0,96.0,100.0,97.0,100.0,99.0,98.0,97.0,95.0,89.0,99.0,95.0,97.0,97.0,94.0,92.0,95.0,96.0,94.0,89.0,99.0,94.0,88.0,90.0,96.0,90.0,92.0,93.0,94.0,87.0,85.0,87.0,87.0,84.0
qwen-7b,1596,100,normal,lora,meta,meta,89.13,99.0,79.0,80.0,69.0,71.0,81.0,73.0,76.0,75.0,77.0,99.0,99.0,94.0,89.0,92.0,92.0,87.0,87.0,87.0,90.0,96.0,99.0,95.0,93.0,83.0,88.0,81.0,87.0,83.0,80.0,80.0,86.0,85.0,80.0,83.0,85.0,82.0,89.0,89.0,90.0,77.0,80.0,77.0,63.0,68.0,73.0,73.0,80.0,73.0,84.0,85.0,97.0,97.0,97.0,94.0,96.0,96.0,98.0,96.0,97.0,98.0,98.0,95.0,97.0,99.0,100.0,99.0,99.0,98.0,97.0,98.0,97.0,96.0,98.0,95.0,96.0,94.0,94.0,98.0,95.0,94.0,89.0,92.0,99.0,100.0,95.0,96.0,95.0,90.0,96.0,92.0,95.0,88.0,89.0,86.0,93.0,85.0
qwen-7b,1596,100,normal,lora,base,base,69.01,100.0,80.0,73.0,62.0,55.0,58.0,47.0,54.0,45.0,52.0,100.0,99.0,97.0,95.0,94.0,89.0,88.0,91.0,92.0,92.0,100.0,94.0,90.0,79.0,77.0,60.0,56.0,62.0,52.0,48.0,46.0,61.0,48.0,45.0,56.0,53.0,44.0,46.0,48.0,42.0,85.0,69.0,54.0,60.0,53.0,46.0,36.0,57.0,60.0,55.0,30.0,41.0,34.0,48.0,50.0,42.0,42.0,50.0,36.0,42.0,47.0,36.0,38.0,47.0,100.0,100.0,99.0,98.0,97.0,96.0,96.0,98.0,93.0,91.0,88.0,93.0,92.0,92.0,94.0,91.0,95.0,97.0,92.0,100.0,91.0,73.0,76.0,66.0,71.0,59.0,63.0,64.0,66.0,59.0,65.0,56.0,55.0
qwen-1.5b,1596,100,normal,lora,meta,meta,76.95,60.0,41.0,39.0,43.0,49.0,56.0,50.0,45.0,52.0,58.0,93.0,93.0,95.0,83.0,82.0,82.0,82.0,72.0,74.0,72.0,97.0,96.0,85.0,78.0,79.0,70.0,65.0,76.0,68.0,66.0,58.0,69.0,65.0,52.0,62.0,58.0,66.0,70.0,71.0,67.0,68.0,60.0,51.0,47.0,49.0,61.0,44.0,65.0,56.0,58.0,58.0,94.0,94.0,89.0,88.0,91.0,91.0,93.0,88.0,91.0,94.0,92.0,86.0,91.0,100.0,99.0,98.0,99.0,96.0,97.0,97.0,94.0,94.0,94.0,95.0,91.0,94.0,94.0,97.0,95.0,95.0,87.0,80.0,98.0,93.0,89.0,85.0,86.0,75.0,78.0,71.0,91.0,68.0,72.0,74.0,77.0,73.0
qwen-1.5b,1596,100,normal,lora,base,base,55.62,93.0,64.0,52.0,42.0,36.0,37.0,28.0,35.0,34.0,35.0,99.0,97.0,94.0,84.0,78.0,83.0,75.0,75.0,75.0,81.0,100.0,85.0,66.0,66.0,63.0,46.0,38.0,37.0,37.0,34.0,34.0,38.0,28.0,28.0,42.0,41.0,25.0,36.0,39.0,32.0,73.0,52.0,46.0,27.0,29.0,31.0,29.0,40.0,38.0,43.0,26.0,23.0,27.0,24.0,38.0,31.0,34.0,36.0,38.0,37.0,35.0,29.0,35.0,27.0,100.0,99.0,92.0,94.0,79.0,87.0,75.0,77.0,72.0,78.0,76.0,79.0,77.0,77.0,78.0,73.0,73.0,75.0,80.0,98.0,69.0,65.0,65.0,71.0,57.0,50.0,42.0,49.0,45.0,51.0,44.0,45.0,43.0
qwen-3b,512,100,normal,lora,base,base,66.42,97.0,73.0,60.0,51.0,48.0,34.0,42.0,38.0,43.0,45.0,99.0,99.0,96.0,90.0,89.0,91.0,89.0,86.0,90.0,89.0,100.0,94.0,90.0,69.0,71.0,58.0,46.0,55.0,54.0,57.0,44.0,52.0,48.0,46.0,49.0,54.0,42.0,44.0,46.0,43.0,83.0,70.0,57.0,59.0,58.0,44.0,34.0,48.0,53.0,53.0,42.0,33.0,39.0,45.0,49.0,48.0,45.0,49.0,44.0,40.0,50.0,46.0,47.0,56.0,100.0,98.0,97.0,91.0,88.0,86.0,89.0,84.0,88.0,86.0,86.0,93.0,85.0,88.0,92.0,89.0,93.0,92.0,95.0,98.0,80.0,76.0,78.0,75.0,68.0,67.0,57.0,54.0,57.0,53.0,59.0,45.0,53.0
qwen-3b,1596,100,normal,lora,meta,meta,84.42,90.0,53.0,55.0,55.0,54.0,61.0,55.0,58.0,51.0,63.0,100.0,96.0,94.0,93.0,90.0,93.0,89.0,87.0,87.0,84.0,88.0,98.0,92.0,89.0,91.0,82.0,75.0,83.0,72.0,78.0,72.0,80.0,77.0,69.0,75.0,75.0,79.0,80.0,80.0,83.0,67.0,74.0,70.0,60.0,64.0,66.0,61.0,75.0,75.0,78.0,82.0,94.0,95.0,90.0,89.0,91.0,94.0,95.0,93.0,93.0,98.0,94.0,92.0,91.0,99.0,99.0,99.0,100.0,97.0,97.0,97.0,96.0,93.0,95.0,95.0,95.0,93.0,92.0,95.0,96.0,94.0,86.0,89.0,99.0,98.0,96.0,91.0,97.0,93.0,92.0,90.0,93.0,90.0,86.0,85.0,85.0,80.0
qwen-3b,1596,100,normal,lora,base,base,66.73,96.0,71.0,59.0,50.0,45.0,35.0,42.0,38.0,41.0,44.0,99.0,99.0,99.0,90.0,91.0,95.0,89.0,86.0,91.0,85.0,99.0,92.0,87.0,76.0,73.0,61.0,51.0,52.0,50.0,49.0,51.0,55.0,45.0,42.0,44.0,52.0,49.0,48.0,46.0,42.0,82.0,69.0,52.0,53.0,55.0,41.0,36.0,51.0,62.0,53.0,29.0,38.0,37.0,46.0,50.0,44.0,49.0,51.0,52.0,38.0,40.0,44.0,56.0,53.0,100.0,99.0,97.0,95.0,92.0,94.0,95.0,92.0,90.0,88.0,85.0,90.0,93.0,91.0,88.0,91.0,88.0,90.0,99.0,98.0,76.0,70.0,71.0,69.0,74.0,67.0,63.0,64.0,62.0,59.0,57.0,50.0,46.0
o3-mini,-,-,normal,api,meta,meta,88.45,98.0,98.0,98.0,98.0,100.0,98.0,92.0,94.0,97.0,90.0,98.0,96.0,99.0,99.0,99.0,98.0,98.0,100.0,97.0,97.0,22.0,63.0,78.0,78.0,86.0,86.0,75.0,79.0,88.0,81.0,79.0,79.0,82.0,73.0,72.0,79.0,71.0,73.0,71.0,74.0,51.0,64.0,65.0,61.0,51.0,60.0,59.0,63.0,61.0,63.0,74.0,96.0,99.0,97.0,94.0,95.0,93.0,94.0,89.0,92.0,94.0,98.0,94.0,93.0,99.0,100.0,99.0,100.0,98.0,98.0,99.0,98.0,98.0,98.0,97.0,98.0,98.0,97.0,96.0,99.0,99.0,95.0,97.0,100.0,99.0,99.0,100.0,100.0,100.0,97.0,100.0,97.0,97.0,100.0,97.0,99.0,99.0
o3-mini,-,-,normal,api,base,base,67.98,99.0,99.0,95.0,93.0,89.0,87.0,80.0,84.0,75.0,79.0,99.0,100.0,100.0,98.0,97.0,97.0,99.0,98.0,96.0,94.0,9.0,32.0,38.0,51.0,53.0,58.0,43.0,52.0,52.0,51.0,43.0,52.0,43.0,44.0,39.0,30.0,29.0,34.0,32.0,30.0,24.0,36.0,40.0,32.0,34.0,29.0,26.0,36.0,34.0,36.0,42.0,66.0,56.0,57.0,55.0,50.0,41.0,50.0,44.0,34.0,30.0,75.0,66.0,73.0,96.0,98.0,98.0,97.0,93.0,95.0,88.0,99.0,93.0,85.0,83.0,86.0,78.0,82.0,70.0,82.0,74.0,75.0,72.0,98.0,98.0,99.0,94.0,92.0,86.0,89.0,87.0,78.0,87.0,75.0,83.0,75.0,70.0
o3-mini,-,-,ood_constants,api,meta,meta,90.72,100.0,100.0,97.0,99.0,100.0,99.0,98.0,97.0,96.0,96.0,100.0,100.0,100.0,100.0,99.0,99.0,100.0,99.0,100.0,100.0,31.0,53.0,71.0,78.0,88.0,89.0,87.0,85.0,80.0,84.0,78.0,87.0,81.0,82.0,85.0,78.0,78.0,76.0,75.0,85.0,56.0,69.0,68.0,71.0,70.0,60.0,59.0,70.0,72.0,65.0,82.0,100.0,97.0,96.0,96.0,97.0,96.0,98.0,91.0,93.0,94.0,96.0,99.0,96.0,100.0,100.0,100.0,100.0,97.0,98.0,99.0,99.0,98.0,100.0,100.0,99.0,100.0,100.0,99.0,97.0,100.0,99.0,99.0,100.0,99.0,100.0,99.0,100.0,100.0,100.0,100.0,100.0,100.0,100.0,100.0,99.0,98.0
gpt-4o,-,-,normal,api,meta,meta,39.76,64.0,33.0,27.0,21.0,22.0,23.0,16.0,28.0,27.0,30.0,73.0,89.0,91.0,86.0,84.0,81.0,78.0,74.0,63.0,66.0,42.0,53.0,46.0,44.0,35.0,18.0,16.0,25.0,20.0,18.0,13.0,17.0,17.0,18.0,13.0,17.0,11.0,14.0,10.0,11.0,68.0,67.0,64.0,47.0,45.0,29.0,30.0,37.0,40.0,41.0,35.0,11.0,25.0,21.0,18.0,17.0,25.0,20.0,25.0,15.0,24.0,26.0,20.0,27.0,89.0,75.0,66.0,54.0,51.0,48.0,44.0,49.0,42.0,52.0,46.0,51.0,40.0,44.0,32.0,37.0,38.0,32.0,39.0,91.0,76.0,63.0,53.0,41.0,36.0,34.0,33.0,39.0,26.0,33.0,34.0,32.0,26.0
gpt-4o,-,-,normal,api,base,base,15.9,37.0,31.0,22.0,12.0,6.0,3.0,1.0,2.0,1.0,1.0,49.0,66.0,67.0,45.0,62.0,41.0,44.0,48.0,37.0,45.0,13.0,42.0,22.0,9.0,10.0,5.0,3.0,3.0,3.0,3.0,0.0,1.0,1.0,1.0,1.0,1.0,1.0,0.0,1.0,1.0,62.0,65.0,45.0,26.0,24.0,19.0,14.0,17.0,13.0,9.0,9.0,0.0,0.0,0.0,0.0,0.0,0.0,0.0,0.0,0.0,0.0,2.0,0.0,4.0,22.0,59.0,35.0,24.0,15.0,20.0,17.0,5.0,8.0,15.0,8.0,14.0,6.0,6.0,11.0,8.0,5.0,7.0,2.0,39.0,36.0,26.0,26.0,17.0,18.0,4.0,11.0,10.0,7.0,2.0,2.0,5.0,2.0
gpt-4o,-,-,ood_constants,api,meta,meta,43.31,71.0,51.0,27.0,19.0,21.0,20.0,26.0,25.0,18.0,27.0,87.0,99.0,96.0,93.0,83.0,75.0,81.0,78.0,73.0,72.0,63.0,59.0,57.0,53.0,51.0,24.0,23.0,23.0,27.0,22.0,15.0,21.0,15.0,12.0,8.0,14.0,12.0,14.0,15.0,8.0,63.0,74.0,56.0,46.0,43.0,39.0,33.0,38.0,41.0,39.0,32.0,23.0,21.0,18.0,22.0,13.0,15.0,16.0,18.0,9.0,19.0,33.0,34.0,33.0,96.0,83.0,80.0,68.0,57.0,55.0,55.0,50.0,60.0,57.0,47.0,40.0,46.0,43.0,44.0,43.0,41.0,31.0,32.0,89.0,82.0,73.0,56.0,57.0,54.0,49.0,38.0,48.0,38.0,33.0,36.0,37.0,27.0
qwen-7b,1048,1000,ood_constants,lora,meta,meta,86.78,95.0,90.0,84.0,79.0,79.0,84.0,74.0,67.0,65.0,64.0,100.0,92.0,89.0,80.0,86.0,88.0,88.0,80.0,80.0,82.0,98.0,97.0,96.0,92.0,91.0,90.0,81.0,84.0,87.0,78.0,82.0,81.0,80.0,69.0,75.0,82.0,79.0,77.0,79.0,77.0,93.0,84.0,78.0,75.0,74.0,71.0,68.0,68.0,78.0,76.0,73.0,99.0,95.0,96.0,95.0,95.0,98.0,99.0,93.0,98.0,94.0,92.0,92.0,88.0,96.0,100.0,99.0,97.0,97.0,99.0,96.0,93.0,93.0,91.0,91.0,89.0,91.0,97.0,90.0,91.0,87.0,82.0,74.0,93.0,99.0,97.0,96.0,97.0,91.0,90.0,92.0,94.0,85.0,83.0,83.0,86.0,86.0
qwen-1.5b,1048,1000,ood_words,lora,meta,meta,93.11,99.0,85.0,84.0,82.0,79.0,84.0,85.0,74.0,80.0,84.0,99.0,99.0,99.0,98.0,92.0,95.0,91.0,96.0,89.0,86.0,96.0,100.0,98.0,94.0,91.0,90.0,89.0,95.0,88.0,88.0,87.0,90.0,86.0,83.0,86.0,93.0,90.0,91.0,89.0,86.0,96.0,88.0,85.0,89.0,86.0,86.0,90.0,83.0,91.0,89.0,88.0,98.0,95.0,94.0,94.0,94.0,95.0,96.0,94.0,96.0,99.0,94.0,99.0,100.0,98.0,96.0,100.0,99.0,100.0,99.0,100.0,100.0,98.0,98.0,99.0,98.0,100.0,97.0,99.0,99.0,99.0,95.0,98.0,98.0,99.0,99.0,100.0,100.0,97.0,99.0,94.0,98.0,92.0,94.0,95.0,94.0,92.0
qwen-1.5b,1048,1000,ood_constants,lora,meta,meta,73.02,97.0,78.0,70.0,61.0,58.0,64.0,58.0,62.0,51.0,56.0,96.0,87.0,84.0,75.0,74.0,75.0,70.0,63.0,61.0,57.0,97.0,96.0,90.0,84.0,78.0,68.0,56.0,65.0,67.0,65.0,49.0,54.0,56.0,45.0,50.0,55.0,56.0,62.0,54.0,47.0,78.0,67.0,49.0,45.0,53.0,46.0,42.0,51.0,54.0,43.0,46.0,87.0,81.0,86.0,82.0,85.0,85.0,86.0,93.0,90.0,83.0,88.0,75.0,81.0,85.0,96.0,98.0,98.0,96.0,92.0,93.0,91.0,87.0,89.0,85.0,85.0,85.0,85.0,88.0,81.0,77.0,75.0,70.0,99.0,94.0,90.0,85.0,83.0,78.0,68.0,72.0,80.0,63.0,70.0,58.0,67.0,53.0
qwen-1.5b,1048,1000,ood_words,lora,base,base,84.95,99.0,94.0,89.0,90.0,81.0,66.0,79.0,69.0,68.0,79.0,99.0,98.0,99.0,95.0,98.0,95.0,93.0,93.0,96.0,97.0,100.0,99.0,95.0,89.0,90.0,84.0,72.0,81.0,74.0,78.0,76.0,79.0,76.0,78.0,82.0,78.0,79.0,80.0,76.0,75.0,97.0,92.0,92.0,90.0,86.0,80.0,79.0,89.0,86.0,76.0,64.0,66.0,65.0,68.0,79.0,72.0,78.0,75.0,72.0,64.0,67.0,65.0,68.0,72.0,100.0,100.0,100.0,96.0,95.0,99.0,96.0,97.0,97.0,95.0,95.0,93.0,94.0,89.0,95.0,97.0,93.0,94.0,98.0,99.0,99.0,96.0,96.0,93.0,89.0,84.0,78.0,82.0,83.0,68.0,67.0,64.0,59.0
qwen-1.5b,1048,1000,ood_constants,lora,base,base,37.69,100.0,74.0,62.0,39.0,37.0,34.0,30.0,25.0,26.0,24.0,96.0,89.0,71.0,63.0,62.0,56.0,53.0,41.0,44.0,44.0,100.0,86.0,73.0,58.0,51.0,40.0,40.0,29.0,21.0,23.0,21.0,23.0,14.0,17.0,12.0,14.0,14.0,19.0,12.0,8.0,84.0,78.0,45.0,41.0,38.0,25.0,24.0,26.0,24.0,14.0,9.0,10.0,13.0,13.0,14.0,10.0,7.0,8.0,4.0,6.0,9.0,5.0,5.0,6.0,99.0,92.0,81.0,74.0,71.0,77.0,58.0,47.0,52.0,44.0,44.0,36.0,48.0,34.0,38.0,44.0,35.0,34.0,28.0,92.0,69.0,47.0,28.0,23.0,21.0,16.0,14.0,10.0,14.0,8.0,4.0,4.0,7.0
qwen-1.5b,512,1000,ood_words,lora,meta,meta,93.27,99.0,88.0,83.0,77.0,77.0,84.0,85.0,80.0,78.0,84.0,99.0,99.0,99.0,93.0,96.0,93.0,95.0,95.0,97.0,97.0,99.0,99.0,97.0,94.0,95.0,88.0,89.0,91.0,85.0,90.0,88.0,90.0,86.0,85.0,85.0,87.0,91.0,89.0,90.0,88.0,91.0,91.0,87.0,82.0,82.0,80.0,88.0,88.0,90.0,92.0,89.0,100.0,98.0,96.0,99.0,98.0,97.0,100.0,97.0,98.0,99.0,98.0,99.0,100.0,100.0,99.0,99.0,100.0,99.0,99.0,99.0,98.0,98.0,98.0,98.0,99.0,100.0,98.0,98.0,97.0,99.0,95.0,96.0,100.0,100.0,98.0,97.0,99.0,95.0,96.0,98.0,98.0,94.0,92.0,92.0,89.0,87.0
qwen-1.5b,512,1000,ood_constants,lora,meta,meta,74.69,95.0,81.0,71.0,64.0,66.0,68.0,59.0,59.0,55.0,63.0,94.0,91.0,87.0,72.0,77.0,81.0,69.0,70.0,66.0,60.0,99.0,99.0,92.0,88.0,78.0,73.0,67.0,74.0,69.0,65.0,54.0,58.0,54.0,54.0,53.0,52.0,63.0,61.0,56.0,51.0,84.0,65.0,54.0,50.0,52.0,47.0,44.0,45.0,57.0,46.0,39.0,91.0,86.0,88.0,86.0,89.0,86.0,89.0,93.0,87.0,90.0,86.0,78.0,76.0,100.0,98.0,100.0,98.0,97.0,96.0,87.0,95.0,90.0,88.0,87.0,81.0,81.0,77.0,76.0,80.0,80.0,69.0,66.0,97.0,98.0,88.0,85.0,85.0,84.0,73.0,73.0,82.0,63.0,74.0,64.0,65.0,52.0
qwen-1.5b,512,1000,ood_words,lora,base,base,81.24,100.0,91.0,84.0,76.0,73.0,67.0,60.0,62.0,60.0,71.0,99.0,98.0,99.0,96.0,99.0,91.0,92.0,93.0,93.0,92.0,100.0,97.0,93.0,92.0,84.0,78.0,73.0,81.0,69.0,70.0,66.0,73.0,64.0,64.0,74.0,69.0,70.0,65.0,72.0,70.0,96.0,84.0,87.0,83.0,73.0,66.0,65.0,72.0,73.0,67.0,50.0,70.0,65.0,58.0,79.0,79.0,65.0,71.0,70.0,61.0,66.0,67.0,61.0,68.0,100.0,100.0,97.0,96.0,96.0,99.0,92.0,88.0,90.0,95.0,90.0,91.0,88.0,86.0,87.0,85.0,87.0,86.0,92.0,99.0,99.0,98.0,98.0,92.0,91.0,84.0,88.0,86.0,83.0,84.0,76.0,73.0,68.0
qwen-1.5b,512,1000,ood_constants,lora,base,base,39.69,99.0,71.0,67.0,34.0,35.0,25.0,25.0,30.0,24.0,25.0,98.0,89.0,74.0,67.0,66.0,62.0,60.0,42.0,52.0,55.0,99.0,91.0,73.0,57.0,50.0,45.0,30.0,33.0,29.0,28.0,26.0,14.0,19.0,23.0,13.0,19.0,19.0,10.0,10.0,11.0,87.0,64.0,45.0,35.0,31.0,26.0,20.0,30.0,19.0,16.0,14.0,12.0,16.0,14.0,15.0,10.0,8.0,17.0,10.0,16.0,11.0,11.0,10.0,11.0,79.0,93.0,86.0,74.0,64.0,72.0,65.0,54.0,59.0,54.0,49.0,44.0,53.0,38.0,54.0,43.0,30.0,37.0,33.0,99.0,70.0,44.0,41.0,34.0,33.0,18.0,15.0,12.0,16.0,15.0,8.0,9.0,8.0
qwen-1.5b,1596,1000,ood_words,lora,meta,meta,93.07,99.0,92.0,89.0,84.0,83.0,82.0,88.0,79.0,76.0,82.0,100.0,98.0,97.0,92.0,92.0,94.0,90.0,93.0,96.0,93.0,100.0,99.0,97.0,95.0,89.0,88.0,81.0,92.0,88.0,88.0,81.0,90.0,86.0,85.0,86.0,92.0,89.0,92.0,92.0,92.0,91.0,90.0,82.0,88.0,85.0,86.0,87.0,88.0,92.0,91.0,88.0,94.0,97.0,96.0,92.0,98.0,97.0,95.0,96.0,97.0,97.0,97.0,93.0,98.0,100.0,100.0,100.0,100.0,99.0,98.0,100.0,99.0,98.0,100.0,97.0,99.0,99.0,98.0,99.0,100.0,100.0,96.0,96.0,99.0,100.0,97.0,96.0,99.0,94.0,95.0,96.0,99.0,91.0,94.0,92.0,94.0,88.0
qwen-1.5b,1596,1000,ood_constants,lora,meta,meta,75.02,98.0,84.0,71.0,69.0,67.0,66.0,59.0,57.0,57.0,52.0,93.0,90.0,83.0,77.0,73.0,72.0,65.0,73.0,63.0,61.0,100.0,99.0,91.0,83.0,73.0,69.0,58.0,74.0,71.0,65.0,64.0,64.0,68.0,58.0,54.0,59.0,59.0,61.0,50.0,51.0,89.0,75.0,51.0,47.0,50.0,49.0,47.0,51.0,47.0,46.0,43.0,89.0,91.0,84.0,82.0,88.0,83.0,89.0,92.0,91.0,86.0,86.0,80.0,85.0,100.0,99.0,99.0,98.0,94.0,93.0,95.0,92.0,87.0,84.0,87.0,83.0,87.0,88.0,85.0,83.0,79.0,78.0,71.0,99.0,97.0,89.0,85.0,82.0,74.0,65.0,78.0,76.0,67.0,69.0,60.0,69.0,63.0
qwen-1.5b,1596,1000,ood_words,lora,base,base,83.82,100.0,89.0,84.0,80.0,75.0,70.0,65.0,73.0,68.0,70.0,100.0,100.0,99.0,95.0,93.0,90.0,90.0,92.0,91.0,95.0,99.0,97.0,97.0,88.0,87.0,86.0,78.0,77.0,72.0,74.0,63.0,69.0,74.0,66.0,73.0,74.0,72.0,77.0,73.0,66.0,97.0,95.0,88.0,88.0,81.0,77.0,77.0,73.0,79.0,74.0,57.0,71.0,74.0,65.0,84.0,79.0,75.0,75.0,83.0,74.0,77.0,73.0,75.0,77.0,100.0,98.0,100.0,97.0,95.0,100.0,95.0,97.0,93.0,97.0,88.0,91.0,93.0,88.0,95.0,92.0,92.0,87.0,94.0,99.0,97.0,97.0,98.0,90.0,93.0,88.0,82.0,83.0,83.0,74.0,72.0,71.0,63.0
qwen-1.5b,1596,1000,ood_constants,lora,base,base,38.1,94.0,77.0,67.0,45.0,48.0,38.0,36.0,19.0,30.0,35.0,94.0,91.0,72.0,67.0,67.0,52.0,50.0,48.0,50.0,44.0,93.0,80.0,74.0,58.0,43.0,35.0,27.0,28.0,25.0,25.0,20.0,20.0,12.0,21.0,9.0,19.0,18.0,11.0,14.0,11.0,88.0,71.0,46.0,35.0,34.0,23.0,24.0,27.0,25.0,17.0,8.0,10.0,20.0,11.0,16.0,10.0,7.0,11.0,11.0,9.0,8.0,7.0,8.0,11.0,99.0,96.0,88.0,80.0,74.0,66.0,61.0,53.0,55.0,41.0,44.0,39.0,46.0,31.0,44.0,45.0,31.0,31.0,31.0,89.0,53.0,40.0,32.0,29.0,22.0,20.0,8.0,11.0,10.0,8.0,8.0,1.0,6.0
qwen-3b,1048,1000,ood_words,lora,meta,meta,96.33,96.0,95.0,90.0,90.0,91.0,90.0,91.0,84.0,85.0,91.0,100.0,99.0,99.0,100.0,96.0,94.0,94.0,99.0,96.0,96.0,99.0,98.0,99.0,93.0,98.0,94.0,96.0,95.0,94.0,99.0,94.0,97.0,95.0,94.0,94.0,95.0,93.0,94.0,97.0,97.0,98.0,96.0,93.0,89.0,91.0,90.0,97.0,93.0,94.0,98.0,94.0,96.0,97.0,94.0,91.0,96.0,100.0,98.0,100.0,99.0,99.0,96.0,97.0,99.0,96.0,98.0,99.0,100.0,99.0,98.0,99.0,98.0,97.0,99.0,100.0,99.0,99.0,99.0,100.0,100.0,99.0,100.0,98.0,97.0,99.0,99.0,98.0,100.0,100.0,97.0,100.0,100.0,98.0,100.0,95.0,100.0,98.0
qwen-3b,1048,1000,ood_constants,lora,meta,meta,84.13,92.0,86.0,85.0,76.0,78.0,79.0,75.0,66.0,61.0,63.0,97.0,95.0,89.0,88.0,81.0,86.0,87.0,78.0,78.0,75.0,99.0,99.0,98.0,95.0,92.0,89.0,78.0,81.0,82.0,80.0,72.0,76.0,75.0,64.0,67.0,77.0,70.0,77.0,66.0,67.0,90.0,79.0,68.0,66.0,79.0,69.0,63.0,66.0,74.0,72.0,71.0,95.0,96.0,94.0,93.0,96.0,95.0,96.0,94.0,97.0,94.0,88.0,81.0,90.0,97.0,99.0,98.0,99.0,99.0,98.0,95.0,95.0,91.0,90.0,90.0,88.0,92.0,88.0,87.0,88.0,84.0,66.0,73.0,99.0,98.0,93.0,90.0,94.0,87.0,85.0,89.0,89.0,82.0,83.0,77.0,80.0,73.0
qwen-3b,1048,1000,ood_words,lora,base,base,92.08,100.0,98.0,96.0,86.0,82.0,78.0,77.0,76.0,74.0,79.0,100.0,100.0,100.0,100.0,98.0,100.0,97.0,99.0,98.0,99.0,100.0,98.0,98.0,94.0,95.0,90.0,90.0,89.0,91.0,91.0,87.0,87.0,92.0,87.0,90.0,89.0,92.0,88.0,88.0,82.0,98.0,96.0,93.0,90.0,92.0,87.0,94.0,95.0,92.0,89.0,89.0,85.0,78.0,81.0,88.0,88.0,88.0,85.0,82.0,80.0,79.0,81.0,82.0,83.0,100.0,100.0,99.0,99.0,100.0,100.0,99.0,100.0,99.0,99.0,98.0,100.0,98.0,99.0,100.0,100.0,100.0,100.0,100.0,99.0,99.0,98.0,100.0,96.0,98.0,91.0,90.0,86.0,87.0,91.0,82.0,88.0,87.0
qwen-7b,1048,1000,ood_words,lora,meta,meta,98.7,100.0,98.0,97.0,99.0,95.0,96.0,96.0,94.0,94.0,95.0,100.0,100.0,100.0,98.0,100.0,100.0,100.0,100.0,98.0,100.0,99.0,100.0,100.0,98.0,99.0,99.0,98.0,99.0,100.0,96.0,96.0,95.0,98.0,99.0,97.0,97.0,99.0,99.0,95.0,98.0,99.0,95.0,96.0,96.0,95.0,97.0,99.0,100.0,100.0,99.0,96.0,99.0,98.0,100.0,100.0,100.0,100.0,100.0,100.0,100.0,100.0,100.0,100.0,100.0,97.0,99.0,100.0,99.0,100.0,99.0,100.0,100.0,100.0,100.0,100.0,99.0,100.0,100.0,100.0,100.0,100.0,100.0,100.0,96.0,100.0,100.0,100.0,99.0,99.0,99.0,99.0,99.0,100.0,100.0,100.0,100.0,100.0
qwen-3b,1048,1000,ood_constants,lora,base,base,51.99,98.0,87.0,76.0,52.0,44.0,37.0,31.0,43.0,28.0,33.0,100.0,93.0,89.0,83.0,74.0,77.0,71.0,60.0,60.0,64.0,99.0,94.0,82.0,77.0,68.0,63.0,55.0,48.0,55.0,49.0,45.0,38.0,39.0,35.0,38.0,37.0,27.0,34.0,24.0,17.0,90.0,79.0,67.0,58.0,64.0,45.0,49.0,58.0,50.0,38.0,30.0,27.0,26.0,28.0,35.0,26.0,25.0,29.0,20.0,13.0,11.0,16.0,10.0,16.0,100.0,96.0,87.0,79.0,83.0,74.0,72.0,58.0,67.0,62.0,59.0,52.0,60.0,50.0,62.0,48.0,46.0,42.0,37.0,94.0,68.0,67.0,58.0,50.0,48.0,36.0,29.0,32.0,18.0,22.0,20.0,20.0,13.0
qwen-7b,1048,1000,ood_constants,lora,meta,meta,86.78,95.0,90.0,84.0,79.0,79.0,84.0,74.0,67.0,65.0,64.0,100.0,92.0,89.0,80.0,86.0,88.0,88.0,80.0,80.0,82.0,98.0,97.0,96.0,92.0,91.0,90.0,81.0,84.0,87.0,78.0,82.0,81.0,80.0,69.0,75.0,82.0,79.0,77.0,79.0,77.0,93.0,84.0,78.0,75.0,74.0,71.0,68.0,68.0,78.0,76.0,73.0,99.0,95.0,96.0,95.0,95.0,98.0,99.0,93.0,98.0,94.0,92.0,92.0,88.0,96.0,100.0,99.0,97.0,97.0,99.0,96.0,93.0,93.0,91.0,91.0,89.0,91.0,97.0,90.0,91.0,87.0,82.0,74.0,93.0,99.0,97.0,96.0,97.0,91.0,90.0,92.0,94.0,85.0,83.0,83.0,86.0,86.0
qwen-3b,1048,1000,ood_words,lora,base,base,92.08,100.0,98.0,96.0,86.0,82.0,78.0,77.0,76.0,74.0,79.0,100.0,100.0,100.0,100.0,98.0,100.0,97.0,99.0,98.0,99.0,100.0,98.0,98.0,94.0,95.0,90.0,90.0,89.0,91.0,91.0,87.0,87.0,92.0,87.0,90.0,89.0,92.0,88.0,88.0,82.0,98.0,96.0,93.0,90.0,92.0,87.0,94.0,95.0,92.0,89.0,89.0,85.0,78.0,81.0,88.0,88.0,88.0,85.0,82.0,80.0,79.0,81.0,82.0,83.0,100.0,100.0,99.0,99.0,100.0,100.0,99.0,100.0,99.0,99.0,98.0,100.0,98.0,99.0,100.0,100.0,100.0,100.0,100.0,99.0,99.0,98.0,100.0,96.0,98.0,91.0,90.0,86.0,87.0,91.0,82.0,88.0,87.0
qwen-3b,1048,1000,ood_constants,lora,base,base,51.99,98.0,87.0,76.0,52.0,44.0,37.0,31.0,43.0,28.0,33.0,100.0,93.0,89.0,83.0,74.0,77.0,71.0,60.0,60.0,64.0,99.0,94.0,82.0,77.0,68.0,63.0,55.0,48.0,55.0,49.0,45.0,38.0,39.0,35.0,38.0,37.0,27.0,34.0,24.0,17.0,90.0,79.0,67.0,58.0,64.0,45.0,49.0,58.0,50.0,38.0,30.0,27.0,26.0,28.0,35.0,26.0,25.0,29.0,20.0,13.0,11.0,16.0,10.0,16.0,100.0,96.0,87.0,79.0,83.0,74.0,72.0,58.0,67.0,62.0,59.0,52.0,60.0,50.0,62.0,48.0,46.0,42.0,37.0,94.0,68.0,67.0,58.0,50.0,48.0,36.0,29.0,32.0,18.0,22.0,20.0,20.0,13.0
qwen-7b,1048,1000,ood_words,lora,base,base,95.98,100.0,100.0,99.0,96.0,93.0,93.0,92.0,90.0,87.0,88.0,100.0,100.0,100.0,99.0,99.0,98.0,99.0,100.0,98.0,97.0,99.0,100.0,99.0,99.0,93.0,95.0,94.0,89.0,94.0,90.0,88.0,97.0,93.0,89.0,90.0,96.0,94.0,96.0,94.0,92.0,100.0,99.0,99.0,97.0,97.0,93.0,94.0,93.0,95.0,95.0,87.0,95.0,90.0,92.0,99.0,100.0,97.0,98.0,95.0,92.0,92.0,95.0,95.0,93.0,99.0,100.0,100.0,100.0,98.0,98.0,98.0,99.0,98.0,98.0,100.0,99.0,99.0,98.0,98.0,98.0,99.0,97.0,97.0,100.0,100.0,99.0,100.0,98.0,100.0,98.0,97.0,95.0,97.0,94.0,88.0,88.0,92.0
qwen-3b,512,1000,ood_words,lora,meta,meta,95.75,97.0,92.0,88.0,94.0,93.0,95.0,90.0,87.0,87.0,94.0,100.0,99.0,100.0,95.0,98.0,96.0,97.0,97.0,95.0,90.0,95.0,100.0,98.0,97.0,94.0,95.0,90.0,92.0,94.0,96.0,93.0,92.0,92.0,91.0,94.0,96.0,94.0,96.0,89.0,94.0,98.0,98.0,88.0,79.0,86.0,92.0,87.0,92.0,93.0,98.0,95.0,96.0,97.0,94.0,93.0,95.0,98.0,98.0,98.0,97.0,99.0,99.0,100.0,100.0,94.0,98.0,99.0,100.0,100.0,100.0,100.0,98.0,99.0,100.0,99.0,100.0,100.0,99.0,99.0,98.0,99.0,98.0,100.0,94.0,99.0,100.0,98.0,100.0,99.0,99.0,99.0,99.0,95.0,96.0,98.0,98.0,98.0
qwen-7b,1048,1000,ood_constants,lora,base,base,59.34,99.0,91.0,85.0,66.0,61.0,51.0,49.0,47.0,47.0,44.0,100.0,97.0,86.0,82.0,82.0,73.0,66.0,69.0,63.0,60.0,100.0,94.0,88.0,78.0,72.0,63.0,56.0,49.0,46.0,53.0,45.0,40.0,44.0,44.0,39.0,39.0,36.0,31.0,33.0,31.0,94.0,77.0,64.0,67.0,57.0,49.0,43.0,47.0,46.0,44.0,26.0,50.0,53.0,39.0,43.0,48.0,44.0,39.0,28.0,29.0,27.0,26.0,22.0,29.0,100.0,99.0,94.0,91.0,82.0,88.0,74.0,74.0,75.0,80.0,57.0,59.0,64.0,56.0,59.0,57.0,56.0,53.0,45.0,98.0,95.0,90.0,77.0,77.0,65.0,52.0,49.0,43.0,29.0,42.0,30.0,28.0,28.0
qwen-3b,512,1000,ood_constants,lora,meta,meta,81.86,96.0,88.0,81.0,73.0,75.0,77.0,71.0,67.0,67.0,67.0,99.0,91.0,87.0,82.0,82.0,81.0,83.0,71.0,71.0,68.0,89.0,99.0,95.0,96.0,86.0,81.0,76.0,79.0,80.0,77.0,71.0,72.0,71.0,65.0,64.0,74.0,67.0,68.0,71.0,58.0,84.0,82.0,61.0,67.0,75.0,66.0,71.0,66.0,73.0,74.0,65.0,90.0,92.0,93.0,84.0,81.0,93.0,92.0,90.0,94.0,94.0,87.0,79.0,85.0,91.0,97.0,99.0,98.0,98.0,95.0,93.0,96.0,89.0,94.0,90.0,90.0,85.0,84.0,87.0,84.0,77.0,68.0,74.0,98.0,99.0,97.0,88.0,98.0,86.0,87.0,84.0,85.0,72.0,81.0,74.0,74.0,74.0
qwen-3b,512,1000,ood_words,lora,base,base,90.96,100.0,99.0,98.0,98.0,88.0,91.0,88.0,82.0,84.0,87.0,99.0,98.0,99.0,100.0,95.0,99.0,98.0,95.0,94.0,98.0,100.0,97.0,96.0,90.0,92.0,85.0,86.0,84.0,86.0,88.0,84.0,80.0,84.0,85.0,85.0,81.0,87.0,88.0,84.0,84.0,99.0,93.0,93.0,89.0,86.0,89.0,88.0,88.0,85.0,90.0,85.0,79.0,74.0,81.0,86.0,86.0,83.0,84.0,92.0,83.0,84.0,85.0,83.0,85.0,100.0,100.0,99.0,97.0,99.0,99.0,97.0,92.0,97.0,95.0,97.0,97.0,94.0,98.0,94.0,93.0,98.0,95.0,96.0,99.0,97.0,97.0,97.0,95.0,95.0,93.0,95.0,85.0,90.0,86.0,87.0,76.0,88.0
qwen-3b,512,1000,ood_constants,lora,base,base,52.36,95.0,83.0,66.0,61.0,55.0,45.0,40.0,40.0,32.0,37.0,97.0,89.0,82.0,71.0,69.0,73.0,62.0,51.0,61.0,57.0,99.0,94.0,77.0,78.0,62.0,65.0,48.0,47.0,50.0,44.0,44.0,38.0,35.0,34.0,37.0,42.0,32.0,31.0,28.0,29.0,83.0,71.0,51.0,48.0,47.0,44.0,41.0,45.0,37.0,38.0,25.0,36.0,36.0,27.0,37.0,33.0,24.0,30.0,17.0,18.0,17.0,15.0,11.0,21.0,99.0,93.0,86.0,78.0,79.0,73.0,70.0,62.0,64.0,62.0,55.0,45.0,56.0,48.0,53.0,53.0,44.0,45.0,48.0,94.0,79.0,84.0,72.0,63.0,59.0,42.0,48.0,32.0,35.0,32.0,33.0,34.0,27.0
qwen-7b,512,1000,ood_words,lora,meta,meta,96.65,98.0,96.0,92.0,94.0,91.0,92.0,89.0,89.0,89.0,91.0,100.0,99.0,99.0,99.0,99.0,100.0,99.0,99.0,95.0,91.0,95.0,98.0,99.0,98.0,95.0,99.0,93.0,97.0,96.0,98.0,96.0,96.0,98.0,94.0,96.0,96.0,96.0,96.0,96.0,98.0,98.0,96.0,94.0,96.0,94.0,92.0,92.0,95.0,94.0,96.0,95.0,97.0,93.0,94.0,96.0,94.0,100.0,98.0,98.0,99.0,99.0,99.0,95.0,97.0,92.0,96.0,99.0,99.0,100.0,100.0,100.0,97.0,99.0,100.0,98.0,99.0,100.0,99.0,99.0,99.0,100.0,98.0,99.0,94.0,98.0,98.0,99.0,99.0,97.0,99.0,96.0,99.0,100.0,97.0,98.0,97.0,99.0
qwen-3b,1596,1000,ood_words,lora,meta,meta,96.19,99.0,92.0,93.0,91.0,85.0,92.0,90.0,81.0,86.0,89.0,99.0,100.0,98.0,99.0,98.0,99.0,97.0,97.0,94.0,92.0,100.0,98.0,96.0,98.0,96.0,95.0,97.0,90.0,96.0,95.0,91.0,95.0,95.0,89.0,96.0,94.0,96.0,96.0,97.0,94.0,97.0,97.0,92.0,91.0,93.0,93.0,94.0,92.0,97.0,94.0,88.0,96.0,98.0,97.0,96.0,97.0,98.0,100.0,98.0,98.0,99.0,97.0,97.0,100.0,91.0,100.0,98.0,100.0,100.0,99.0,100.0,100.0,97.0,99.0,99.0,99.0,100.0,99.0,100.0,99.0,100.0,96.0,98.0,99.0,98.0,100.0,98.0,99.0,98.0,98.0,99.0,99.0,96.0,100.0,99.0,99.0,100.0
qwen-3b,1596,1000,ood_constants,lora,meta,meta,83.64,92.0,87.0,83.0,75.0,72.0,75.0,75.0,64.0,65.0,64.0,96.0,93.0,94.0,87.0,86.0,85.0,82.0,74.0,76.0,69.0,97.0,97.0,96.0,98.0,94.0,86.0,78.0,80.0,82.0,76.0,77.0,80.0,70.0,67.0,69.0,74.0,71.0,73.0,68.0,72.0,91.0,83.0,69.0,71.0,74.0,69.0,70.0,70.0,69.0,72.0,68.0,96.0,96.0,93.0,92.0,93.0,91.0,93.0,93.0,92.0,93.0,86.0,84.0,88.0,94.0,95.0,98.0,98.0,99.0,97.0,95.0,93.0,92.0,90.0,86.0,89.0,87.0,91.0,83.0,87.0,77.0,69.0,73.0,99.0,99.0,95.0,94.0,98.0,83.0,88.0,90.0,93.0,75.0,82.0,79.0,78.0,72.0
qwen-7b,512,1000,ood_constants,lora,meta,meta,86.61,100.0,90.0,83.0,74.0,72.0,82.0,73.0,68.0,70.0,70.0,99.0,94.0,95.0,89.0,88.0,86.0,81.0,84.0,75.0,78.0,98.0,99.0,98.0,89.0,93.0,92.0,81.0,81.0,87.0,81.0,78.0,82.0,77.0,77.0,73.0,75.0,78.0,78.0,75.0,74.0,92.0,91.0,78.0,80.0,79.0,73.0,64.0,80.0,74.0,73.0,74.0,95.0,93.0,92.0,94.0,98.0,96.0,94.0,95.0,97.0,93.0,96.0,93.0,91.0,95.0,97.0,99.0,97.0,95.0,95.0,97.0,96.0,95.0,94.0,89.0,93.0,92.0,93.0,91.0,86.0,88.0,81.0,79.0,99.0,94.0,98.0,93.0,93.0,89.0,88.0,89.0,89.0,86.0,87.0,85.0,84.0,73.0
qwen-3b,1596,1000,ood_words,lora,base,base,90.84,98.0,99.0,99.0,93.0,91.0,87.0,84.0,79.0,82.0,77.0,100.0,100.0,99.0,97.0,98.0,97.0,97.0,98.0,96.0,99.0,100.0,99.0,97.0,94.0,95.0,90.0,90.0,86.0,90.0,85.0,83.0,87.0,84.0,82.0,90.0,85.0,89.0,81.0,80.0,81.0,97.0,97.0,90.0,96.0,88.0,89.0,91.0,90.0,92.0,91.0,82.0,82.0,82.0,83.0,83.0,91.0,82.0,89.0,82.0,78.0,77.0,84.0,78.0,82.0,100.0,100.0,99.0,97.0,98.0,97.0,96.0,96.0,94.0,93.0,91.0,96.0,99.0,93.0,86.0,93.0,91.0,88.0,92.0,100.0,99.0,98.0,100.0,97.0,98.0,91.0,94.0,95.0,93.0,93.0,83.0,80.0,77.0
qwen-7b,1596,1000,ood_words,lora,meta,meta,98.73,100.0,98.0,98.0,96.0,96.0,95.0,93.0,90.0,94.0,95.0,100.0,100.0,100.0,100.0,99.0,100.0,99.0,100.0,100.0,100.0,100.0,100.0,100.0,100.0,99.0,99.0,97.0,97.0,99.0,98.0,98.0,99.0,97.0,99.0,99.0,98.0,97.0,97.0,99.0,96.0,100.0,100.0,93.0,97.0,97.0,98.0,97.0,99.0,99.0,98.0,95.0,98.0,100.0,100.0,100.0,100.0,100.0,100.0,100.0,99.0,100.0,100.0,100.0,100.0,100.0,100.0,100.0,100.0,100.0,100.0,100.0,100.0,99.0,100.0,100.0,98.0,100.0,99.0,99.0,100.0,100.0,100.0,100.0,99.0,98.0,100.0,100.0,99.0,100.0,100.0,99.0,99.0,100.0,100.0,99.0,99.0,99.0
qwen-3b,1596,1000,ood_constants,lora,base,base,56.16,100.0,88.0,79.0,57.0,53.0,36.0,42.0,41.0,34.0,42.0,100.0,94.0,89.0,81.0,73.0,73.0,65.0,57.0,57.0,56.0,99.0,93.0,90.0,80.0,67.0,66.0,54.0,54.0,53.0,54.0,42.0,46.0,47.0,33.0,32.0,36.0,37.0,35.0,37.0,26.0,91.0,73.0,65.0,68.0,66.0,50.0,50.0,56.0,52.0,45.0,39.0,45.0,32.0,35.0,36.0,33.0,38.0,32.0,29.0,21.0,23.0,18.0,15.0,21.0,97.0,95.0,88.0,85.0,84.0,79.0,75.0,65.0,69.0,62.0,63.0,57.0,60.0,50.0,58.0,56.0,58.0,52.0,42.0,96.0,90.0,78.0,73.0,70.0,59.0,55.0,39.0,34.0,39.0,24.0,25.0,19.0,21.0
qwen-7b,1596,1000,ood_constants,lora,meta,meta,87.32,100.0,97.0,85.0,74.0,74.0,81.0,65.0,63.0,59.0,68.0,99.0,98.0,94.0,83.0,84.0,87.0,88.0,85.0,85.0,84.0,100.0,100.0,96.0,94.0,90.0,88.0,80.0,84.0,84.0,90.0,82.0,81.0,86.0,80.0,76.0,83.0,78.0,87.0,80.0,76.0,93.0,85.0,76.0,73.0,78.0,72.0,76.0,79.0,73.0,73.0,73.0,99.0,97.0,94.0,98.0,95.0,95.0,97.0,93.0,95.0,96.0,95.0,86.0,91.0,100.0,100.0,99.0,97.0,93.0,96.0,93.0,92.0,95.0,92.0,92.0,87.0,93.0,90.0,89.0,92.0,93.0,82.0,81.0,100.0,98.0,95.0,94.0,92.0,94.0,92.0,86.0,91.0,88.0,83.0,82.0,88.0,81.0
qwen-7b,1596,1000,ood_words,lora,base,base,93.79,99.0,93.0,96.0,96.0,86.0,86.0,81.0,85.0,85.0,86.0,100.0,100.0,100.0,100.0,98.0,97.0,100.0,100.0,99.0,100.0,100.0,97.0,97.0,96.0,96.0,95.0,92.0,96.0,95.0,90.0,82.0,89.0,91.0,88.0,89.0,94.0,92.0,96.0,93.0,84.0,100.0,95.0,93.0,94.0,93.0,89.0,91.0,93.0,92.0,91.0,85.0,84.0,80.0,84.0,87.0,94.0,90.0,91.0,95.0,89.0,86.0,80.0,80.0,81.0,100.0,100.0,100.0,99.0,100.0,99.0,100.0,99.0,99.0,100.0,100.0,99.0,100.0,99.0,98.0,99.0,99.0,100.0,97.0,99.0,99.0,100.0,99.0,96.0,94.0,98.0,94.0,88.0,92.0,97.0,96.0,92.0,91.0
qwen-7b,1596,1000,ood_constants,lora,base,base,56.27,100.0,86.0,81.0,55.0,65.0,45.0,52.0,43.0,35.0,35.0,97.0,100.0,86.0,84.0,86.0,82.0,79.0,71.0,69.0,65.0,97.0,91.0,84.0,73.0,65.0,51.0,48.0,35.0,39.0,49.0,40.0,33.0,33.0,35.0,40.0,34.0,30.0,26.0,29.0,23.0,86.0,80.0,60.0,60.0,47.0,46.0,44.0,43.0,37.0,37.0,23.0,32.0,29.0,37.0,29.0,31.0,24.0,29.0,34.0,23.0,32.0,24.0,28.0,21.0,96.0,98.0,94.0,91.0,83.0,89.0,73.0,70.0,69.0,70.0,65.0,62.0,64.0,63.0,64.0,60.0,62.0,45.0,46.0,100.0,94.0,78.0,64.0,62.0,55.0,47.0,43.0,44.0,45.0,41.0,41.0,34.0,39.0
qwen-1.5b,1048,100,normal,lora,base,meta,66.54,71.0,61.0,45.0,34.0,36.0,31.0,44.0,33.0,34.0,43.0,92.0,92.0,95.0,73.0,79.0,71.0,86.0,80.0,79.0,85.0,100.0,89.0,75.0,69.0,65.0,55.0,46.0,59.0,45.0,47.0,40.0,47.0,41.0,46.0,48.0,47.0,49.0,46.0,45.0,45.0,64.0,50.0,36.0,37.0,41.0,39.0,33.0,45.0,51.0,54.0,44.0,61.0,64.0,69.0,66.0,71.0,68.0,73.0,74.0,65.0,79.0,64.0,53.0,60.0,99.0,97.0,99.0,100.0,97.0,96.0,95.0,96.0,93.0,90.0,89.0,91.0,92.0,94.0,96.0,92.0,93.0,86.0,86.0,81.0,84.0,73.0,69.0,67.0,62.0,65.0,61.0,76.0,58.0,63.0,62.0,67.0,56.0
qwen-1.5b,1048,100,ood_constants,lora,base,meta,51.15,49.0,36.0,34.0,30.0,31.0,32.0,24.0,33.0,25.0,31.0,85.0,85.0,82.0,67.0,71.0,63.0,55.0,64.0,60.0,59.0,99.0,94.0,79.0,70.0,64.0,50.0,42.0,47.0,49.0,46.0,31.0,32.0,39.0,25.0,29.0,36.0,27.0,31.0,25.0,24.0,65.0,49.0,32.0,29.0,26.0,34.0,32.0,32.0,43.0,34.0,30.0,52.0,37.0,47.0,44.0,44.0,41.0,41.0,39.0,33.0,42.0,33.0,24.0,28.0,91.0,97.0,94.0,90.0,92.0,90.0,85.0,82.0,89.0,86.0,81.0,69.0,74.0,68.0,73.0,67.0,62.0,63.0,58.0,70.0,37.0,43.0,48.0,51.0,32.0,41.0,37.0,45.0,25.0,37.0,45.0,44.0,30.0
qwen-1.5b,1048,100,ood_words,lora,base,meta,65.07,73.0,57.0,48.0,42.0,35.0,39.0,34.0,36.0,30.0,38.0,87.0,90.0,86.0,78.0,74.0,79.0,81.0,82.0,82.0,85.0,99.0,87.0,72.0,70.0,58.0,47.0,42.0,58.0,54.0,43.0,30.0,49.0,43.0,42.0,41.0,47.0,51.0,55.0,44.0,50.0,68.0,46.0,35.0,33.0,40.0,33.0,42.0,37.0,51.0,54.0,44.0,68.0,68.0,65.0,68.0,62.0,65.0,75.0,61.0,69.0,63.0,64.0,53.0,49.0,99.0,96.0,97.0,93.0,96.0,94.0,95.0,89.0,92.0,93.0,92.0,93.0,92.0,94.0,92.0,85.0,86.0,85.0,86.0,83.0,72.0,72.0,64.0,71.0,64.0,64.0,58.0,71.0,59.0,61.0,61.0,59.0,53.0
qwen-1.5b,1048,100,ood_support,lora,base,meta,66.54,71.0,61.0,43.0,36.0,31.0,35.0,46.0,33.0,36.0,40.0,91.0,90.0,94.0,75.0,80.0,77.0,85.0,82.0,84.0,81.0,99.0,88.0,74.0,63.0,61.0,51.0,47.0,51.0,48.0,47.0,45.0,46.0,40.0,43.0,44.0,51.0,44.0,54.0,52.0,42.0,77.0,55.0,43.0,39.0,44.0,36.0,37.0,44.0,55.0,48.0,48.0,59.0,66.0,64.0,77.0,65.0,66.0,75.0,73.0,70.0,79.0,63.0,61.0,60.0,99.0,98.0,98.0,97.0,95.0,94.0,92.0,96.0,92.0,87.0,93.0,89.0,93.0,94.0,91.0,93.0,90.0,93.0,90.0,85.0,76.0,67.0,68.0,74.0,61.0,65.0,62.0,66.0,52.0,57.0,62.0,61.0,59.0
qwen-1.5b,1596,100,normal,lora,base,meta,66.39,94.0,71.0,57.0,38.0,43.0,49.0,39.0,44.0,31.0,42.0,92.0,93.0,88.0,85.0,77.0,82.0,82.0,76.0,75.0,90.0,97.0,94.0,72.0,69.0,67.0,55.0,43.0,54.0,47.0,49.0,42.0,49.0,39.0,36.0,46.0,53.0,46.0,49.0,47.0,46.0,72.0,55.0,44.0,31.0,37.0,37.0,35.0,46.0,48.0,52.0,44.0,59.0,56.0,59.0,65.0,68.0,71.0,72.0,76.0,71.0,69.0,58.0,64.0,53.0,100.0,96.0,90.0,95.0,92.0,92.0,90.0,90.0,92.0,87.0,91.0,93.0,90.0,91.0,92.0,84.0,81.0,85.0,86.0,94.0,83.0,79.0,67.0,71.0,68.0,59.0,57.0,70.0,51.0,63.0,64.0,53.0,54.0
qwen-1.5b,1596,100,ood_constants,lora,base,meta,51.59,82.0,48.0,38.0,29.0,36.0,35.0,23.0,28.0,30.0,30.0,90.0,90.0,84.0,66.0,73.0,55.0,61.0,60.0,54.0,51.0,100.0,92.0,82.0,72.0,65.0,56.0,45.0,47.0,46.0,45.0,32.0,40.0,41.0,24.0,30.0,31.0,35.0,35.0,34.0,26.0,77.0,55.0,34.0,34.0,29.0,29.0,29.0,34.0,36.0,40.0,30.0,35.0,38.0,39.0,45.0,46.0,37.0,45.0,46.0,32.0,43.0,29.0,20.0,26.0,97.0,90.0,92.0,93.0,87.0,87.0,84.0,76.0,83.0,78.0,71.0,70.0,78.0,70.0,63.0,71.0,64.0,57.0,53.0,90.0,45.0,46.0,44.0,51.0,39.0,41.0,36.0,39.0,27.0,35.0,40.0,34.0,24.0
qwen-1.5b,1596,100,ood_words,lora,base,meta,65.4,92.0,63.0,52.0,40.0,38.0,39.0,41.0,35.0,32.0,36.0,91.0,90.0,88.0,84.0,79.0,78.0,80.0,75.0,76.0,78.0,97.0,85.0,72.0,66.0,65.0,49.0,43.0,55.0,45.0,44.0,44.0,47.0,45.0,43.0,44.0,50.0,47.0,49.0,47.0,43.0,63.0,58.0,37.0,46.0,37.0,33.0,31.0,42.0,47.0,44.0,52.0,63.0,60.0,56.0,66.0,75.0,74.0,75.0,74.0,64.0,64.0,66.0,57.0,46.0,100.0,100.0,98.0,94.0,92.0,88.0,87.0,87.0,94.0,91.0,88.0,89.0,89.0,94.0,90.0,85.0,81.0,79.0,80.0,96.0,82.0,76.0,71.0,66.0,66.0,71.0,62.0,65.0,56.0,64.0,62.0,60.0,44.0
qwen-1.5b,1596,100,ood_support,lora,base,meta,65.4,93.0,61.0,57.0,39.0,36.0,46.0,36.0,44.0,33.0,37.0,91.0,93.0,90.0,84.0,79.0,77.0,83.0,86.0,84.0,79.0,98.0,87.0,72.0,66.0,65.0,55.0,44.0,51.0,51.0,49.0,47.0,51.0,46.0,38.0,47.0,49.0,41.0,43.0,45.0,34.0,73.0,56.0,42.0,34.0,36.0,36.0,39.0,40.0,44.0,54.0,47.0,44.0,53.0,69.0,68.0,64.0,61.0,68.0,73.0,59.0,69.0,61.0,57.0,54.0,99.0,96.0,95.0,92.0,92.0,92.0,88.0,87.0,97.0,83.0,88.0,92.0,88.0,89.0,89.0,84.0,90.0,91.0,84.0,96.0,78.0,76.0,74.0,74.0,59.0,65.0,57.0,63.0,52.0,57.0,63.0,52.0,54.0
qwen-1.5b,512,100,normal,lora,base,meta,65.6,94.0,62.0,51.0,37.0,50.0,46.0,38.0,47.0,35.0,39.0,94.0,93.0,90.0,83.0,84.0,80.0,88.0,72.0,76.0,83.0,98.0,92.0,69.0,69.0,61.0,56.0,47.0,59.0,46.0,50.0,37.0,41.0,42.0,37.0,46.0,51.0,46.0,47.0,38.0,40.0,68.0,55.0,40.0,33.0,37.0,38.0,43.0,44.0,51.0,55.0,49.0,63.0,66.0,67.0,71.0,60.0,67.0,64.0,73.0,67.0,69.0,53.0,48.0,39.0,100.0,97.0,96.0,99.0,98.0,92.0,95.0,94.0,93.0,92.0,94.0,87.0,90.0,95.0,93.0,85.0,87.0,89.0,87.0,76.0,67.0,66.0,67.0,60.0,55.0,57.0,57.0,75.0,56.0,59.0,57.0,67.0,47.0
qwen-1.5b,512,100,ood_constants,lora,base,meta,52.45,71.0,53.0,48.0,30.0,37.0,38.0,36.0,35.0,30.0,36.0,89.0,85.0,81.0,65.0,69.0,58.0,61.0,58.0,54.0,52.0,100.0,93.0,77.0,69.0,64.0,53.0,41.0,51.0,45.0,44.0,37.0,29.0,32.0,18.0,33.0,30.0,26.0,31.0,34.0,23.0,67.0,54.0,28.0,27.0,32.0,36.0,31.0,31.0,36.0,37.0,28.0,45.0,45.0,41.0,43.0,48.0,42.0,43.0,46.0,32.0,40.0,27.0,21.0,20.0,99.0,95.0,95.0,98.0,93.0,90.0,88.0,79.0,87.0,85.0,77.0,77.0,83.0,71.0,73.0,68.0,66.0,61.0,55.0,56.0,49.0,44.0,50.0,52.0,44.0,44.0,49.0,56.0,29.0,41.0,39.0,51.0,28.0
qwen-1.5b,512,100,ood_words,lora,base,meta,65.16,95.0,60.0,47.0,38.0,41.0,40.0,39.0,35.0,37.0,41.0,91.0,88.0,86.0,83.0,78.0,80.0,81.0,79.0,78.0,76.0,99.0,87.0,75.0,76.0,65.0,53.0,45.0,62.0,53.0,51.0,36.0,48.0,42.0,42.0,40.0,50.0,39.0,52.0,50.0,45.0,71.0,48.0,39.0,37.0,43.0,35.0,39.0,42.0,51.0,53.0,47.0,67.0,66.0,60.0,74.0,55.0,63.0,67.0,59.0,52.0,59.0,54.0,43.0,33.0,99.0,99.0,99.0,98.0,99.0,93.0,93.0,92.0,96.0,99.0,93.0,91.0,97.0,92.0,91.0,91.0,90.0,88.0,86.0,82.0,72.0,62.0,70.0,63.0,60.0,64.0,57.0,65.0,53.0,61.0,60.0,57.0,49.0
qwen-1.5b,512,100,ood_support,lora,base,meta,65.69,90.0,64.0,53.0,40.0,47.0,43.0,40.0,45.0,37.0,37.0,92.0,91.0,91.0,82.0,79.0,77.0,86.0,82.0,85.0,82.0,96.0,85.0,71.0,67.0,65.0,54.0,46.0,55.0,49.0,53.0,42.0,44.0,40.0,45.0,46.0,47.0,49.0,55.0,42.0,33.0,71.0,58.0,50.0,35.0,41.0,42.0,38.0,41.0,48.0,48.0,49.0,62.0,62.0,60.0,73.0,63.0,61.0,59.0,62.0,59.0,65.0,55.0,45.0,48.0,100.0,99.0,99.0,99.0,95.0,96.0,96.0,95.0,92.0,92.0,93.0,91.0,89.0,92.0,91.0,86.0,91.0,92.0,84.0,79.0,66.0,69.0,65.0,71.0,58.0,61.0,47.0,75.0,51.0,58.0,63.0,62.0,53.0
qwen-1.5b,1048,1000,normal,lora,base,meta,77.65,100.0,86.0,79.0,73.0,64.0,56.0,53.0,65.0,48.0,59.0,99.0,97.0,99.0,93.0,94.0,88.0,94.0,93.0,90.0,93.0,100.0,100.0,93.0,85.0,71.0,73.0,63.0,72.0,68.0,67.0,57.0,62.0,57.0,60.0,56.0,58.0,65.0,52.0,48.0,45.0,97.0,91.0,88.0,80.0,79.0,74.0,72.0,71.0,70.0,65.0,45.0,72.0,61.0,69.0,75.0,70.0,76.0,62.0,67.0,52.0,60.0,58.0,49.0,54.0,100.0,99.0,95.0,99.0,94.0,95.0,93.0,93.0,91.0,92.0,93.0,90.0,92.0,88.0,91.0,91.0,89.0,92.0,90.0,100.0,95.0,88.0,87.0,85.0,89.0,77.0,79.0,84.0,75.0,76.0,71.0,69.0,58.0
qwen-1.5b,1048,1000,ood_constants,lora,base,meta,50.6,98.0,68.0,54.0,44.0,45.0,44.0,37.0,43.0,34.0,41.0,94.0,87.0,82.0,59.0,72.0,61.0,52.0,56.0,58.0,59.0,100.0,93.0,81.0,61.0,62.0,46.0,46.0,53.0,36.0,34.0,39.0,35.0,32.0,33.0,23.0,32.0,22.0,24.0,23.0,22.0,81.0,71.0,46.0,38.0,38.0,35.0,29.0,31.0,26.0,37.0,17.0,34.0,39.0,35.0,42.0,32.0,37.0,28.0,30.0,24.0,25.0,23.0,15.0,13.0,100.0,97.0,93.0,84.0,75.0,82.0,73.0,78.0,79.0,75.0,70.0,61.0,67.0,66.0,72.0,67.0,58.0,46.0,44.0,100.0,71.0,67.0,47.0,53.0,44.0,43.0,26.0,28.0,28.0,24.0,22.0,33.0,24.0
qwen-1.5b,1048,1000,ood_words,lora,base,meta,76.42,99.0,86.0,71.0,72.0,62.0,54.0,60.0,52.0,48.0,60.0,98.0,98.0,98.0,93.0,95.0,90.0,89.0,90.0,91.0,85.0,100.0,97.0,91.0,75.0,75.0,70.0,63.0,70.0,66.0,62.0,56.0,53.0,54.0,56.0,62.0,63.0,56.0,54.0,52.0,47.0,98.0,88.0,81.0,82.0,79.0,73.0,73.0,69.0,79.0,58.0,47.0,72.0,68.0,64.0,74.0,57.0,71.0,61.0,73.0,59.0,55.0,57.0,50.0,47.0,100.0,100.0,93.0,94.0,94.0,95.0,92.0,95.0,92.0,95.0,95.0,90.0,91.0,91.0,94.0,91.0,88.0,91.0,90.0,99.0,95.0,87.0,88.0,89.0,88.0,79.0,72.0,82.0,73.0,70.0,64.0,56.0,52.0
qwen-1.5b,1048,1000,ood_support,lora,base,meta,77.32,100.0,92.0,84.0,70.0,64.0,54.0,47.0,57.0,50.0,58.0,98.0,97.0,99.0,96.0,91.0,90.0,95.0,98.0,93.0,91.0,100.0,97.0,90.0,74.0,74.0,71.0,64.0,64.0,65.0,68.0,61.0,58.0,61.0,60.0,56.0,64.0,67.0,55.0,48.0,49.0,95.0,90.0,84.0,81.0,76.0,73.0,78.0,65.0,64.0,58.0,48.0,69.0,65.0,62.0,71.0,71.0,67.0,69.0,69.0,58.0,64.0,59.0,58.0,47.0,100.0,99.0,97.0,97.0,95.0,96.0,94.0,94.0,92.0,89.0,95.0,91.0,95.0,94.0,92.0,91.0,92.0,93.0,90.0,100.0,96.0,87.0,85.0,84.0,82.0,75.0,85.0,77.0,70.0,65.0,72.0,57.0,68.0
qwen-1.5b,1596,1000,normal,lora,base,meta,74.89,99.0,77.0,80.0,70.0,56.0,54.0,58.0,62.0,49.0,55.0,100.0,97.0,100.0,94.0,93.0,92.0,91.0,96.0,94.0,90.0,100.0,99.0,98.0,88.0,76.0,70.0,62.0,67.0,64.0,64.0,63.0,62.0,55.0,62.0,66.0,72.0,62.0,76.0,61.0,51.0,91.0,88.0,86.0,76.0,69.0,64.0,73.0,66.0,73.0,64.0,53.0,60.0,51.0,58.0,59.0,60.0,64.0,58.0,55.0,51.0,39.0,46.0,43.0,41.0,100.0,98.0,95.0,91.0,92.0,93.0,91.0,94.0,97.0,95.0,91.0,93.0,95.0,93.0,97.0,90.0,87.0,87.0,80.0,100.0,86.0,81.0,78.0,74.0,71.0,60.0,66.0,71.0,71.0,62.0,57.0,58.0,57.0
qwen-1.5b,1596,1000,ood_constants,lora,base,meta,51.2,92.0,75.0,63.0,55.0,55.0,42.0,42.0,38.0,34.0,40.0,96.0,91.0,81.0,71.0,71.0,63.0,65.0,59.0,57.0,49.0,98.0,95.0,82.0,72.0,66.0,58.0,50.0,43.0,41.0,41.0,36.0,43.0,37.0,37.0,28.0,32.0,31.0,31.0,24.0,25.0,82.0,63.0,39.0,41.0,40.0,40.0,38.0,43.0,36.0,32.0,29.0,38.0,33.0,38.0,46.0,35.0,29.0,31.0,27.0,26.0,20.0,25.0,22.0,20.0,99.0,96.0,96.0,89.0,83.0,77.0,78.0,75.0,71.0,64.0,63.0,58.0,60.0,61.0,57.0,49.0,54.0,43.0,28.0,98.0,56.0,51.0,48.0,61.0,44.0,38.0,30.0,38.0,25.0,26.0,25.0,24.0,19.0
qwen-1.5b,1596,1000,ood_words,lora,base,meta,74.24,99.0,84.0,71.0,69.0,55.0,49.0,52.0,52.0,50.0,57.0,100.0,99.0,98.0,91.0,87.0,90.0,84.0,89.0,89.0,88.0,100.0,98.0,94.0,88.0,79.0,74.0,71.0,77.0,68.0,71.0,67.0,61.0,63.0,60.0,54.0,68.0,61.0,62.0,58.0,45.0,95.0,86.0,82.0,74.0,73.0,68.0,72.0,63.0,72.0,73.0,63.0,52.0,49.0,55.0,66.0,60.0,55.0,55.0,59.0,51.0,48.0,43.0,43.0,39.0,100.0,99.0,96.0,94.0,97.0,94.0,95.0,91.0,91.0,90.0,87.0,84.0,93.0,91.0,91.0,86.0,84.0,84.0,77.0,99.0,87.0,84.0,82.0,76.0,74.0,77.0,70.0,71.0,58.0,64.0,63.0,57.0,47.0
qwen-1.5b,1596,1000,ood_support,lora,base,meta,74.71,100.0,87.0,83.0,68.0,64.0,57.0,53.0,60.0,51.0,59.0,100.0,98.0,100.0,96.0,89.0,92.0,92.0,92.0,96.0,90.0,100.0,99.0,92.0,81.0,79.0,73.0,64.0,64.0,64.0,65.0,65.0,64.0,55.0,59.0,65.0,67.0,61.0,62.0,53.0,48.0,95.0,88.0,83.0,76.0,77.0,63.0,74.0,64.0,72.0,66.0,53.0,51.0,53.0,48.0,69.0,55.0,58.0,50.0,62.0,43.0,41.0,41.0,38.0,42.0,99.0,95.0,98.0,94.0,95.0,93.0,94.0,94.0,94.0,90.0,96.0,93.0,94.0,91.0,96.0,89.0,91.0,87.0,74.0,100.0,87.0,78.0,77.0,77.0,74.0,65.0,68.0,80.0,66.0,62.0,68.0,61.0,58.0
qwen-1.5b,512,1000,normal,lora,base,meta,81.13,100.0,86.0,82.0,70.0,63.0,53.0,58.0,67.0,50.0,62.0,99.0,97.0,95.0,90.0,94.0,92.0,94.0,91.0,91.0,93.0,100.0,98.0,91.0,82.0,76.0,68.0,66.0,72.0,67.0,74.0,61.0,65.0,62.0,62.0,67.0,69.0,66.0,66.0,62.0,57.0,84.0,84.0,75.0,69.0,73.0,57.0,62.0,67.0,73.0,73.0,56.0,79.0,72.0,76.0,86.0,79.0,88.0,80.0,78.0,81.0,82.0,72.0,69.0,75.0,100.0,99.0,98.0,97.0,100.0,97.0,97.0,98.0,95.0,98.0,95.0,93.0,98.0,99.0,92.0,93.0,91.0,98.0,93.0,100.0,90.0,86.0,86.0,90.0,87.0,82.0,83.0,87.0,84.0,81.0,77.0,81.0,77.0
qwen-1.5b,512,1000,ood_constants,lora,base,meta,60.85,100.0,70.0,64.0,45.0,47.0,41.0,43.0,46.0,43.0,53.0,96.0,88.0,87.0,74.0,80.0,74.0,74.0,68.0,62.0,67.0,100.0,97.0,82.0,73.0,66.0,60.0,50.0,51.0,49.0,46.0,39.0,43.0,43.0,37.0,25.0,31.0,35.0,28.0,28.0,30.0,82.0,63.0,46.0,39.0,37.0,39.0,35.0,46.0,42.0,43.0,39.0,61.0,56.0,62.0,62.0,53.0,50.0,55.0,45.0,43.0,48.0,39.0,29.0,35.0,98.0,99.0,96.0,95.0,91.0,93.0,90.0,89.0,90.0,83.0,83.0,80.0,90.0,78.0,78.0,73.0,72.0,59.0,53.0,99.0,65.0,63.0,65.0,68.0,67.0,56.0,52.0,58.0,46.0,45.0,56.0,51.0,37.0
qwen-1.5b,512,1000,ood_words,lora,base,meta,79.9,100.0,86.0,78.0,64.0,65.0,51.0,61.0,54.0,44.0,59.0,98.0,94.0,95.0,90.0,90.0,91.0,89.0,91.0,95.0,93.0,100.0,97.0,88.0,83.0,79.0,73.0,71.0,76.0,68.0,72.0,65.0,66.0,57.0,64.0,65.0,70.0,52.0,62.0,64.0,58.0,85.0,83.0,75.0,70.0,70.0,62.0,67.0,72.0,71.0,70.0,64.0,81.0,79.0,69.0,78.0,82.0,79.0,74.0,82.0,79.0,75.0,73.0,63.0,74.0,99.0,100.0,98.0,98.0,98.0,98.0,96.0,96.0,94.0,97.0,93.0,93.0,92.0,92.0,92.0,91.0,90.0,91.0,87.0,99.0,89.0,90.0,89.0,86.0,88.0,82.0,81.0,84.0,82.0,84.0,70.0,68.0,68.0
qwen-1.5b,512,1000,ood_support,lora,base,meta,81.18,100.0,85.0,82.0,70.0,59.0,60.0,52.0,63.0,59.0,64.0,99.0,97.0,99.0,96.0,94.0,94.0,95.0,90.0,93.0,97.0,100.0,96.0,92.0,86.0,75.0,70.0,71.0,67.0,62.0,68.0,62.0,68.0,69.0,67.0,70.0,63.0,67.0,60.0,59.0,49.0,83.0,84.0,75.0,73.0,68.0,59.0,70.0,61.0,73.0,72.0,59.0,74.0,76.0,73.0,82.0,79.0,80.0,82.0,83.0,82.0,76.0,72.0,80.0,67.0,100.0,99.0,99.0,98.0,97.0,98.0,97.0,99.0,98.0,97.0,99.0,96.0,97.0,96.0,93.0,94.0,92.0,97.0,90.0,100.0,85.0,82.0,86.0,87.0,83.0,81.0,84.0,83.0,82.0,83.0,86.0,80.0,84.0
qwen-3b,1048,100,normal,lora,base,meta,75.75,96.0,65.0,59.0,47.0,46.0,44.0,44.0,50.0,36.0,52.0,99.0,96.0,97.0,87.0,89.0,95.0,93.0,88.0,87.0,85.0,100.0,92.0,88.0,80.0,77.0,66.0,56.0,71.0,61.0,57.0,48.0,68.0,57.0,53.0,59.0,68.0,62.0,61.0,58.0,61.0,89.0,71.0,59.0,54.0,59.0,55.0,43.0,63.0,64.0,65.0,66.0,71.0,76.0,78.0,78.0,77.0,81.0,81.0,82.0,85.0,86.0,74.0,77.0,79.0,100.0,97.0,96.0,97.0,97.0,93.0,97.0,97.0,92.0,95.0,93.0,89.0,95.0,95.0,94.0,91.0,83.0,82.0,86.0,99.0,93.0,77.0,76.0,81.0,74.0,74.0,71.0,77.0,72.0,66.0,77.0,65.0,66.0
qwen-3b,1048,100,ood_constants,lora,base,meta,61.95,85.0,53.0,46.0,41.0,43.0,42.0,38.0,52.0,36.0,40.0,92.0,91.0,81.0,75.0,72.0,76.0,75.0,68.0,64.0,55.0,100.0,93.0,81.0,70.0,67.0,60.0,49.0,52.0,59.0,51.0,47.0,47.0,44.0,38.0,42.0,47.0,41.0,35.0,31.0,29.0,80.0,61.0,44.0,42.0,44.0,47.0,39.0,48.0,49.0,46.0,43.0,54.0,69.0,59.0,66.0,61.0,56.0,68.0,70.0,63.0,64.0,54.0,54.0,54.0,100.0,96.0,94.0,97.0,98.0,94.0,84.0,82.0,89.0,86.0,83.0,80.0,81.0,73.0,77.0,70.0,70.0,64.0,64.0,96.0,62.0,57.0,55.0,66.0,49.0,51.0,44.0,57.0,49.0,56.0,57.0,49.0,36.0
qwen-3b,1048,100,ood_words,lora,base,meta,75.7,97.0,71.0,58.0,49.0,50.0,52.0,38.0,51.0,41.0,51.0,99.0,98.0,99.0,94.0,91.0,94.0,91.0,91.0,83.0,79.0,100.0,97.0,88.0,80.0,73.0,65.0,53.0,67.0,62.0,60.0,50.0,57.0,56.0,60.0,51.0,59.0,63.0,61.0,44.0,58.0,82.0,63.0,54.0,60.0,56.0,59.0,51.0,68.0,67.0,58.0,53.0,79.0,78.0,77.0,82.0,79.0,81.0,86.0,83.0,83.0,83.0,78.0,69.0,70.0,100.0,95.0,96.0,97.0,95.0,94.0,95.0,96.0,93.0,96.0,93.0,94.0,95.0,91.0,91.0,94.0,89.0,90.0,84.0,99.0,90.0,77.0,72.0,85.0,82.0,74.0,77.0,78.0,67.0,73.0,71.0,70.0,70.0
qwen-3b,1048,100,ood_support,lora,base,meta,75.97,96.0,72.0,57.0,55.0,47.0,38.0,44.0,48.0,44.0,56.0,99.0,95.0,99.0,91.0,90.0,90.0,90.0,92.0,88.0,91.0,99.0,96.0,87.0,76.0,79.0,63.0,52.0,59.0,58.0,61.0,51.0,64.0,50.0,48.0,62.0,71.0,62.0,57.0,57.0,51.0,90.0,70.0,63.0,47.0,55.0,57.0,44.0,64.0,64.0,65.0,48.0,76.0,82.0,73.0,87.0,81.0,79.0,80.0,79.0,80.0,88.0,75.0,74.0,76.0,100.0,97.0,99.0,99.0,99.0,97.0,96.0,95.0,95.0,94.0,93.0,89.0,93.0,94.0,91.0,89.0,86.0,91.0,90.0,100.0,91.0,80.0,79.0,79.0,79.0,68.0,74.0,74.0,75.0,76.0,79.0,74.0,72.0
qwen-3b,1596,100,normal,lora,base,meta,75.69,98.0,66.0,55.0,47.0,54.0,44.0,45.0,54.0,40.0,56.0,98.0,97.0,99.0,88.0,95.0,97.0,93.0,85.0,90.0,92.0,97.0,95.0,83.0,81.0,69.0,67.0,56.0,62.0,68.0,58.0,55.0,65.0,55.0,51.0,59.0,62.0,59.0,62.0,53.0,46.0,81.0,68.0,53.0,52.0,59.0,51.0,42.0,56.0,69.0,60.0,54.0,68.0,77.0,75.0,82.0,73.0,73.0,76.0,78.0,73.0,73.0,68.0,67.0,74.0,100.0,96.0,100.0,97.0,98.0,99.0,97.0,98.0,95.0,97.0,96.0,98.0,98.0,98.0,97.0,96.0,93.0,96.0,97.0,98.0,81.0,76.0,76.0,80.0,78.0,77.0,74.0,80.0,73.0,77.0,76.0,77.0,75.0
qwen-3b,1596,100,ood_constants,lora,base,meta,60.79,82.0,61.0,46.0,41.0,42.0,42.0,39.0,47.0,38.0,42.0,86.0,87.0,83.0,78.0,77.0,80.0,78.0,73.0,71.0,63.0,98.0,87.0,84.0,73.0,70.0,56.0,52.0,53.0,60.0,50.0,42.0,52.0,50.0,38.0,44.0,41.0,38.0,34.0,31.0,28.0,72.0,54.0,44.0,35.0,43.0,48.0,32.0,41.0,42.0,44.0,44.0,50.0,59.0,52.0,55.0,51.0,44.0,47.0,45.0,41.0,43.0,45.0,46.0,37.0,100.0,95.0,96.0,94.0,97.0,95.0,90.0,88.0,84.0,86.0,79.0,80.0,85.0,79.0,78.0,84.0,69.0,68.0,60.0,95.0,68.0,62.0,58.0,66.0,52.0,52.0,57.0,62.0,50.0,59.0,62.0,49.0,47.0
qwen-3b,1596,100,ood_words,lora,base,meta,76.61,95.0,71.0,56.0,52.0,56.0,54.0,46.0,52.0,50.0,55.0,98.0,96.0,96.0,92.0,94.0,95.0,90.0,87.0,91.0,92.0,96.0,92.0,87.0,78.0,70.0,62.0,55.0,65.0,66.0,54.0,56.0,64.0,61.0,58.0,47.0,58.0,55.0,63.0,52.0,52.0,84.0,66.0,52.0,49.0,57.0,50.0,45.0,60.0,67.0,56.0,55.0,75.0,74.0,76.0,79.0,81.0,80.0,83.0,83.0,77.0,80.0,80.0,74.0,73.0,100.0,98.0,99.0,99.0,99.0,97.0,95.0,98.0,99.0,98.0,97.0,94.0,95.0,92.0,98.0,97.0,94.0,94.0,95.0,99.0,76.0,76.0,71.0,84.0,82.0,80.0,75.0,84.0,83.0,79.0,86.0,75.0,78.0
qwen-3b,1596,100,ood_support,lora,base,meta,76.42,97.0,65.0,57.0,52.0,53.0,48.0,50.0,50.0,52.0,51.0,99.0,98.0,97.0,92.0,94.0,96.0,94.0,90.0,91.0,91.0,94.0,96.0,84.0,79.0,76.0,60.0,57.0,58.0,67.0,57.0,55.0,60.0,50.0,51.0,59.0,67.0,61.0,57.0,54.0,47.0,83.0,67.0,55.0,51.0,61.0,51.0,46.0,59.0,65.0,68.0,54.0,71.0,82.0,72.0,80.0,81.0,76.0,70.0,78.0,67.0,74.0,70.0,75.0,74.0,100.0,97.0,99.0,98.0,99.0,97.0,94.0,99.0,97.0,99.0,96.0,97.0,97.0,97.0,97.0,92.0,95.0,94.0,99.0,100.0,84.0,80.0,79.0,81.0,78.0,80.0,82.0,80.0,74.0,75.0,81.0,81.0,79.0
qwen-3b,1596,1000,normal,lora,base,meta,89.95,97.0,95.0,93.0,81.0,78.0,74.0,75.0,79.0,72.0,74.0,100.0,100.0,99.0,99.0,99.0,98.0,100.0,97.0,96.0,98.0,100.0,100.0,94.0,93.0,92.0,87.0,82.0,88.0,84.0,84.0,75.0,87.0,80.0,71.0,78.0,90.0,80.0,83.0,82.0,83.0,95.0,91.0,86.0,88.0,85.0,81.0,89.0,87.0,86.0,78.0,65.0,86.0,87.0,86.0,88.0,84.0,88.0,92.0,91.0,89.0,89.0,89.0,91.0,91.0,100.0,100.0,98.0,97.0,97.0,96.0,95.0,96.0,97.0,96.0,95.0,93.0,95.0,99.0,99.0,96.0,96.0,92.0,97.0,100.0,100.0,97.0,98.0,97.0,97.0,92.0,87.0,94.0,92.0,91.0,87.0,80.0,80.0
qwen-3b,1596,1000,ood_constants,lora,base,meta,72.68,95.0,85.0,79.0,67.0,56.0,52.0,57.0,63.0,44.0,56.0,99.0,93.0,92.0,77.0,82.0,84.0,79.0,77.0,75.0,71.0,100.0,98.0,92.0,93.0,81.0,73.0,66.0,76.0,69.0,66.0,50.0,65.0,60.0,53.0,46.0,57.0,59.0,54.0,47.0,46.0,90.0,72.0,65.0,67.0,66.0,59.0,68.0,60.0,60.0,53.0,45.0,72.0,75.0,70.0,79.0,70.0,66.0,57.0,62.0,54.0,51.0,60.0,53.0,52.0,100.0,99.0,99.0,99.0,97.0,96.0,94.0,91.0,92.0,92.0,94.0,88.0,91.0,82.0,86.0,87.0,90.0,72.0,76.0,98.0,94.0,83.0,82.0,80.0,73.0,76.0,58.0,72.0,61.0,60.0,51.0,42.0,35.0
qwen-3b,1596,1000,ood_words,lora,base,meta,87.71,100.0,93.0,93.0,83.0,76.0,75.0,66.0,78.0,65.0,72.0,100.0,100.0,98.0,97.0,98.0,98.0,94.0,95.0,92.0,98.0,99.0,99.0,92.0,93.0,91.0,84.0,81.0,82.0,81.0,77.0,81.0,75.0,72.0,76.0,77.0,80.0,74.0,72.0,75.0,69.0,94.0,93.0,87.0,91.0,79.0,77.0,82.0,80.0,89.0,77.0,61.0,90.0,87.0,87.0,91.0,97.0,89.0,90.0,88.0,81.0,79.0,88.0,80.0,83.0,100.0,100.0,98.0,98.0,94.0,96.0,94.0,94.0,95.0,88.0,98.0,92.0,98.0,92.0,91.0,93.0,89.0,88.0,87.0,100.0,99.0,95.0,100.0,96.0,99.0,90.0,91.0,90.0,91.0,87.0,85.0,77.0,82.0
qwen-3b,1596,1000,ood_support,lora,base,meta,90.2,98.0,97.0,95.0,82.0,77.0,73.0,67.0,76.0,74.0,74.0,100.0,100.0,98.0,99.0,99.0,99.0,99.0,99.0,98.0,98.0,99.0,100.0,93.0,91.0,91.0,87.0,81.0,86.0,84.0,85.0,80.0,86.0,73.0,76.0,87.0,82.0,80.0,85.0,80.0,80.0,97.0,96.0,91.0,84.0,88.0,82.0,87.0,83.0,79.0,76.0,68.0,90.0,87.0,83.0,87.0,88.0,85.0,95.0,91.0,85.0,94.0,89.0,95.0,94.0,100.0,100.0,100.0,99.0,99.0,97.0,97.0,99.0,99.0,94.0,97.0,94.0,98.0,96.0,97.0,97.0,97.0,99.0,96.0,99.0,98.0,99.0,98.0,97.0,97.0,89.0,93.0,94.0,95.0,93.0,82.0,81.0,77.0
qwen-3b,512,1000,normal,lora,base,meta,89.38,94.0,91.0,89.0,84.0,83.0,76.0,68.0,75.0,68.0,73.0,99.0,97.0,98.0,97.0,96.0,95.0,99.0,95.0,93.0,97.0,99.0,97.0,94.0,94.0,93.0,84.0,79.0,87.0,83.0,83.0,82.0,78.0,86.0,76.0,79.0,80.0,87.0,85.0,82.0,81.0,96.0,91.0,80.0,83.0,79.0,81.0,84.0,81.0,88.0,84.0,76.0,83.0,88.0,84.0,92.0,91.0,87.0,90.0,96.0,87.0,89.0,88.0,87.0,94.0,100.0,99.0,100.0,98.0,98.0,99.0,97.0,94.0,99.0,93.0,98.0,93.0,97.0,97.0,99.0,97.0,98.0,97.0,95.0,100.0,98.0,92.0,94.0,96.0,91.0,92.0,92.0,87.0,92.0,83.0,81.0,83.0,86.0
qwen-3b,512,1000,ood_constants,lora,base,meta,72.51,84.0,88.0,72.0,64.0,61.0,59.0,60.0,60.0,50.0,54.0,96.0,86.0,86.0,78.0,74.0,78.0,86.0,75.0,73.0,71.0,99.0,100.0,91.0,88.0,79.0,83.0,67.0,69.0,67.0,76.0,60.0,66.0,62.0,58.0,54.0,61.0,56.0,52.0,48.0,40.0,86.0,71.0,59.0,51.0,56.0,50.0,55.0,58.0,66.0,53.0,46.0,78.0,81.0,75.0,79.0,67.0,68.0,70.0,62.0,68.0,64.0,64.0,56.0,53.0,100.0,99.0,100.0,99.0,97.0,95.0,96.0,92.0,91.0,97.0,88.0,84.0,88.0,83.0,83.0,79.0,73.0,72.0,66.0,91.0,87.0,82.0,83.0,77.0,73.0,62.0,74.0,63.0,59.0,59.0,63.0,56.0,55.0
qwen-3b,512,1000,ood_words,lora,base,meta,88.87,96.0,88.0,84.0,84.0,78.0,73.0,75.0,78.0,64.0,69.0,98.0,95.0,99.0,97.0,96.0,94.0,96.0,93.0,90.0,100.0,100.0,99.0,93.0,93.0,92.0,83.0,82.0,86.0,83.0,88.0,81.0,84.0,81.0,74.0,71.0,83.0,79.0,77.0,75.0,76.0,98.0,88.0,86.0,84.0,82.0,82.0,77.0,86.0,86.0,80.0,73.0,88.0,84.0,86.0,90.0,91.0,92.0,92.0,89.0,93.0,87.0,90.0,89.0,89.0,100.0,100.0,99.0,100.0,100.0,99.0,97.0,97.0,96.0,98.0,98.0,95.0,96.0,96.0,98.0,95.0,96.0,98.0,96.0,100.0,98.0,96.0,91.0,96.0,91.0,91.0,90.0,79.0,82.0,87.0,84.0,81.0,91.0
qwen-3b,512,1000,ood_support,lora,base,meta,89.1,95.0,93.0,93.0,83.0,81.0,74.0,70.0,71.0,61.0,74.0,99.0,99.0,97.0,97.0,98.0,97.0,98.0,98.0,95.0,97.0,99.0,98.0,94.0,88.0,91.0,85.0,85.0,84.0,83.0,81.0,84.0,82.0,79.0,73.0,78.0,79.0,87.0,86.0,79.0,79.0,94.0,91.0,82.0,83.0,79.0,82.0,82.0,85.0,85.0,84.0,78.0,85.0,90.0,82.0,91.0,90.0,85.0,88.0,97.0,87.0,91.0,90.0,83.0,84.0,100.0,99.0,98.0,98.0,95.0,99.0,99.0,99.0,99.0,95.0,100.0,95.0,95.0,96.0,98.0,95.0,97.0,94.0,97.0,100.0,97.0,96.0,92.0,92.0,93.0,86.0,94.0,90.0,90.0,79.0,84.0,84.0,86.0
qwen-7b,1048,100,normal,lora,base,meta,77.21,99.0,77.0,70.0,51.0,73.0,58.0,60.0,59.0,62.0,65.0,97.0,99.0,95.0,96.0,93.0,88.0,94.0,88.0,83.0,81.0,98.0,100.0,89.0,81.0,73.0,66.0,51.0,62.0,64.0,58.0,49.0,64.0,63.0,50.0,56.0,65.0,60.0,58.0,54.0,55.0,84.0,70.0,56.0,57.0,51.0,42.0,51.0,60.0,61.0,57.0,43.0,74.0,78.0,76.0,68.0,72.0,69.0,73.0,73.0,69.0,76.0,74.0,76.0,77.0,98.0,98.0,97.0,99.0,95.0,96.0,96.0,99.0,94.0,99.0,96.0,96.0,95.0,98.0,94.0,90.0,93.0,94.0,94.0,100.0,95.0,86.0,86.0,87.0,86.0,79.0,85.0,86.0,77.0,76.0,83.0,76.0,75.0
qwen-7b,1048,100,ood_constants,lora,base,meta,61.91,98.0,80.0,63.0,45.0,54.0,51.0,46.0,46.0,42.0,43.0,98.0,98.0,92.0,78.0,82.0,83.0,79.0,73.0,76.0,69.0,100.0,96.0,88.0,74.0,74.0,63.0,44.0,58.0,61.0,56.0,49.0,50.0,43.0,43.0,40.0,43.0,52.0,50.0,42.0,35.0,82.0,70.0,49.0,48.0,54.0,42.0,41.0,48.0,47.0,45.0,34.0,49.0,45.0,48.0,53.0,48.0,33.0,39.0,36.0,28.0,45.0,35.0,40.0,29.0,100.0,93.0,95.0,95.0,91.0,90.0,81.0,79.0,77.0,67.0,74.0,81.0,69.0,71.0,72.0,68.0,65.0,73.0,63.0,99.0,87.0,78.0,68.0,67.0,64.0,52.0,47.0,59.0,48.0,50.0,56.0,44.0,37.0
qwen-7b,1048,100,ood_words,lora,base,meta,76.86,99.0,80.0,71.0,59.0,62.0,56.0,58.0,65.0,59.0,62.0,100.0,96.0,95.0,90.0,87.0,95.0,94.0,90.0,85.0,74.0,98.0,97.0,89.0,82.0,78.0,65.0,52.0,62.0,70.0,59.0,55.0,60.0,61.0,58.0,57.0,54.0,57.0,60.0,55.0,53.0,85.0,66.0,55.0,56.0,56.0,49.0,52.0,47.0,65.0,60.0,44.0,75.0,71.0,80.0,82.0,78.0,73.0,79.0,66.0,71.0,75.0,77.0,66.0,77.0,100.0,96.0,99.0,97.0,96.0,96.0,97.0,98.0,96.0,94.0,94.0,93.0,96.0,97.0,94.0,92.0,94.0,86.0,87.0,100.0,94.0,86.0,81.0,89.0,82.0,82.0,76.0,83.0,81.0,78.0,77.0,67.0,73.0
qwen-7b,1048,100,ood_support,lora,base,meta,77.31,99.0,84.0,76.0,55.0,65.0,56.0,58.0,60.0,59.0,63.0,96.0,99.0,98.0,96.0,89.0,87.0,93.0,94.0,83.0,88.0,100.0,100.0,92.0,79.0,74.0,67.0,55.0,62.0,57.0,59.0,50.0,65.0,54.0,55.0,57.0,66.0,62.0,57.0,57.0,54.0,89.0,69.0,59.0,62.0,56.0,42.0,43.0,58.0,67.0,57.0,44.0,73.0,84.0,72.0,70.0,69.0,70.0,68.0,64.0,67.0,64.0,70.0,82.0,74.0,98.0,98.0,99.0,96.0,96.0,99.0,94.0,96.0,96.0,98.0,94.0,98.0,94.0,95.0,96.0,94.0,94.0,94.0,92.0,100.0,95.0,87.0,90.0,90.0,88.0,84.0,78.0,78.0,78.0,75.0,86.0,76.0,80.0
qwen-7b,512,100,normal,lora,base,meta,71.14,97.0,76.0,71.0,52.0,57.0,47.0,56.0,48.0,55.0,55.0,99.0,95.0,96.0,95.0,95.0,85.0,84.0,84.0,86.0,77.0,100.0,93.0,80.0,82.0,73.0,60.0,53.0,66.0,56.0,54.0,47.0,51.0,51.0,54.0,54.0,50.0,45.0,53.0,41.0,58.0,76.0,69.0,53.0,57.0,57.0,49.0,49.0,44.0,62.0,66.0,53.0,74.0,64.0,72.0,62.0,59.0,60.0,67.0,60.0,67.0,62.0,59.0,57.0,69.0,100.0,89.0,93.0,92.0,85.0,90.0,86.0,88.0,79.0,83.0,80.0,82.0,76.0,76.0,79.0,78.0,75.0,69.0,56.0,100.0,95.0,83.0,86.0,89.0,80.0,84.0,77.0,81.0,78.0,80.0,78.0,74.0,62.0
qwen-7b,512,100,ood_constants,lora,base,meta,50.52,78.0,66.0,43.0,37.0,50.0,31.0,26.0,35.0,27.0,21.0,94.0,95.0,91.0,75.0,84.0,70.0,67.0,59.0,62.0,55.0,92.0,94.0,82.0,67.0,67.0,46.0,39.0,37.0,46.0,40.0,30.0,37.0,34.0,29.0,38.0,33.0,39.0,47.0,38.0,25.0,70.0,67.0,38.0,39.0,46.0,42.0,23.0,36.0,45.0,37.0,27.0,34.0,31.0,29.0,45.0,35.0,25.0,30.0,28.0,16.0,37.0,34.0,23.0,26.0,94.0,86.0,86.0,83.0,78.0,69.0,70.0,65.0,72.0,68.0,58.0,73.0,56.0,50.0,42.0,46.0,41.0,41.0,51.0,93.0,72.0,62.0,51.0,64.0,46.0,43.0,33.0,43.0,29.0,45.0,49.0,28.0,24.0
qwen-7b,512,100,ood_words,lora,base,meta,70.78,90.0,71.0,64.0,52.0,59.0,49.0,52.0,47.0,50.0,50.0,99.0,98.0,95.0,91.0,92.0,88.0,82.0,92.0,80.0,71.0,99.0,97.0,87.0,76.0,75.0,67.0,49.0,62.0,56.0,56.0,52.0,55.0,55.0,54.0,54.0,43.0,48.0,57.0,51.0,55.0,80.0,65.0,61.0,54.0,45.0,48.0,43.0,48.0,60.0,60.0,55.0,64.0,67.0,67.0,62.0,68.0,67.0,69.0,54.0,60.0,60.0,63.0,44.0,64.0,98.0,95.0,90.0,90.0,95.0,87.0,92.0,88.0,84.0,84.0,80.0,71.0,78.0,87.0,72.0,85.0,71.0,65.0,68.0,100.0,91.0,84.0,83.0,82.0,82.0,79.0,82.0,76.0,78.0,80.0,80.0,73.0,68.0
qwen-7b,512,100,ood_support,lora,base,meta,71.86,96.0,73.0,73.0,52.0,54.0,45.0,52.0,50.0,52.0,54.0,99.0,96.0,97.0,94.0,91.0,94.0,87.0,84.0,92.0,82.0,100.0,94.0,88.0,80.0,70.0,62.0,53.0,60.0,56.0,55.0,49.0,54.0,52.0,51.0,60.0,55.0,40.0,49.0,49.0,50.0,78.0,70.0,58.0,56.0,59.0,54.0,46.0,57.0,64.0,63.0,51.0,69.0,69.0,70.0,71.0,65.0,60.0,68.0,60.0,59.0,67.0,59.0,60.0,66.0,99.0,92.0,92.0,91.0,92.0,84.0,84.0,86.0,86.0,83.0,80.0,85.0,73.0,73.0,84.0,78.0,74.0,76.0,61.0,99.0,93.0,85.0,83.0,86.0,84.0,84.0,83.0,75.0,81.0,77.0,80.0,76.0,68.0
qwen-7b,512,1000,normal,lora,base,meta,93.41,100.0,91.0,95.0,97.0,91.0,86.0,88.0,86.0,72.0,78.0,100.0,100.0,100.0,100.0,100.0,98.0,99.0,98.0,97.0,97.0,100.0,99.0,96.0,95.0,94.0,91.0,87.0,92.0,87.0,87.0,82.0,87.0,80.0,85.0,88.0,88.0,87.0,90.0,80.0,89.0,96.0,90.0,86.0,88.0,90.0,87.0,89.0,90.0,93.0,88.0,78.0,94.0,91.0,86.0,90.0,95.0,90.0,93.0,97.0,97.0,88.0,86.0,87.0,90.0,100.0,100.0,100.0,100.0,100.0,100.0,99.0,100.0,100.0,99.0,99.0,98.0,100.0,99.0,98.0,99.0,99.0,99.0,99.0,100.0,99.0,100.0,97.0,98.0,97.0,96.0,97.0,97.0,97.0,98.0,96.0,93.0,92.0
qwen-7b,512,1000,ood_constants,lora,base,meta,73.97,100.0,90.0,86.0,67.0,70.0,59.0,64.0,63.0,52.0,55.0,92.0,96.0,86.0,88.0,84.0,82.0,76.0,77.0,75.0,70.0,100.0,98.0,94.0,85.0,82.0,72.0,63.0,72.0,64.0,70.0,63.0,59.0,56.0,48.0,50.0,51.0,49.0,51.0,47.0,46.0,93.0,77.0,66.0,67.0,53.0,51.0,46.0,60.0,60.0,51.0,36.0,77.0,78.0,80.0,81.0,75.0,74.0,72.0,70.0,71.0,74.0,56.0,60.0,56.0,100.0,100.0,98.0,99.0,94.0,97.0,94.0,90.0,90.0,93.0,90.0,85.0,91.0,84.0,90.0,87.0,88.0,85.0,72.0,98.0,96.0,89.0,82.0,84.0,78.0,74.0,66.0,69.0,61.0,61.0,62.0,49.0,43.0
qwen-7b,512,1000,ood_words,lora,base,meta,91.96,99.0,96.0,91.0,89.0,89.0,77.0,82.0,80.0,72.0,82.0,100.0,100.0,100.0,98.0,98.0,97.0,98.0,94.0,96.0,97.0,99.0,99.0,95.0,94.0,94.0,89.0,84.0,91.0,88.0,91.0,88.0,83.0,81.0,87.0,86.0,90.0,83.0,85.0,80.0,83.0,98.0,94.0,86.0,92.0,84.0,85.0,84.0,93.0,95.0,89.0,75.0,89.0,90.0,89.0,87.0,89.0,91.0,86.0,91.0,91.0,88.0,90.0,84.0,78.0,99.0,99.0,99.0,99.0,99.0,100.0,98.0,99.0,98.0,100.0,96.0,96.0,99.0,96.0,99.0,99.0,97.0,96.0,97.0,99.0,100.0,98.0,99.0,97.0,95.0,96.0,96.0,96.0,92.0,93.0,92.0,88.0,91.0
qwen-7b,512,1000,ood_support,lora,base,meta,93.3,99.0,96.0,97.0,96.0,92.0,88.0,87.0,81.0,74.0,79.0,100.0,100.0,100.0,100.0,99.0,99.0,97.0,100.0,97.0,99.0,100.0,100.0,94.0,92.0,93.0,90.0,87.0,92.0,89.0,90.0,80.0,89.0,85.0,81.0,86.0,89.0,87.0,87.0,84.0,87.0,97.0,91.0,91.0,90.0,83.0,89.0,88.0,87.0,86.0,91.0,87.0,92.0,92.0,85.0,85.0,92.0,91.0,95.0,92.0,94.0,92.0,90.0,83.0,86.0,100.0,100.0,100.0,100.0,100.0,100.0,99.0,100.0,99.0,99.0,98.0,99.0,100.0,100.0,100.0,100.0,98.0,99.0,98.0,100.0,98.0,100.0,98.0,98.0,95.0,98.0,96.0,96.0,97.0,97.0,92.0,90.0,95.0
qwen-7b,1596,1000,normal,lora,base,meta,90.86,100.0,90.0,89.0,90.0,86.0,78.0,78.0,81.0,74.0,80.0,100.0,100.0,100.0,100.0,99.0,98.0,98.0,95.0,94.0,95.0,100.0,100.0,98.0,94.0,92.0,89.0,81.0,87.0,86.0,75.0,80.0,84.0,85.0,81.0,86.0,83.0,82.0,80.0,71.0,70.0,98.0,92.0,84.0,85.0,86.0,81.0,82.0,84.0,94.0,82.0,71.0,92.0,84.0,84.0,83.0,82.0,86.0,87.0,88.0,89.0,80.0,85.0,80.0,85.0,100.0,100.0,99.0,100.0,99.0,99.0,100.0,96.0,98.0,99.0,99.0,100.0,99.0,99.0,99.0,99.0,99.0,99.0,98.0,100.0,100.0,100.0,100.0,98.0,98.0,98.0,98.0,95.0,98.0,95.0,95.0,95.0,89.0
qwen-7b,1596,1000,ood_constants,lora,base,meta,72.25,100.0,79.0,75.0,57.0,70.0,57.0,51.0,60.0,39.0,44.0,97.0,96.0,90.0,87.0,86.0,89.0,84.0,78.0,82.0,76.0,97.0,97.0,86.0,78.0,77.0,68.0,57.0,57.0,60.0,64.0,53.0,55.0,60.0,54.0,49.0,58.0,46.0,51.0,47.0,48.0,86.0,74.0,48.0,57.0,54.0,53.0,51.0,58.0,59.0,53.0,41.0,69.0,61.0,68.0,65.0,54.0,67.0,62.0,62.0,60.0,63.0,64.0,53.0,65.0,100.0,98.0,100.0,98.0,94.0,96.0,95.0,92.0,93.0,88.0,89.0,87.0,86.0,84.0,89.0,90.0,90.0,75.0,72.0,100.0,99.0,90.0,87.0,83.0,82.0,69.0,69.0,75.0,64.0,68.0,72.0,69.0,59.0
qwen-7b,1596,1000,ood_words,lora,base,meta,90.3,100.0,90.0,91.0,89.0,82.0,75.0,74.0,79.0,70.0,78.0,100.0,100.0,100.0,99.0,97.0,96.0,99.0,96.0,94.0,94.0,100.0,98.0,95.0,96.0,89.0,83.0,85.0,85.0,89.0,90.0,74.0,84.0,80.0,80.0,82.0,87.0,82.0,84.0,72.0,70.0,97.0,89.0,89.0,91.0,85.0,80.0,84.0,85.0,90.0,87.0,77.0,84.0,80.0,82.0,81.0,87.0,88.0,85.0,85.0,88.0,77.0,84.0,77.0,72.0,100.0,100.0,99.0,100.0,99.0,99.0,100.0,99.0,100.0,100.0,100.0,100.0,98.0,99.0,98.0,99.0,98.0,99.0,99.0,100.0,98.0,100.0,98.0,97.0,95.0,94.0,91.0,93.0,95.0,97.0,95.0,92.0,96.0
qwen-7b,1596,1000,ood_support,lora,base,meta,90.88,100.0,95.0,93.0,88.0,85.0,82.0,76.0,76.0,79.0,81.0,100.0,100.0,100.0,100.0,99.0,100.0,97.0,98.0,99.0,93.0,100.0,100.0,98.0,92.0,92.0,89.0,85.0,90.0,82.0,83.0,84.0,84.0,82.0,79.0,79.0,85.0,82.0,77.0,76.0,69.0,96.0,94.0,90.0,92.0,87.0,84.0,90.0,80.0,91.0,81.0,69.0,90.0,84.0,85.0,81.0,83.0,87.0,86.0,84.0,86.0,83.0,86.0,83.0,77.0,100.0,99.0,100.0,100.0,98.0,100.0,98.0,99.0,99.0,100.0,99.0,99.0,99.0,98.0,99.0,99.0,99.0,95.0,97.0,100.0,97.0,99.0,98.0,96.0,98.0,97.0,98.0,95.0,95.0,92.0,93.0,91.0,91.0
qwen-7b,1048,1000,normal,lora,base,meta,94.46,100.0,95.0,95.0,90.0,88.0,78.0,85.0,85.0,72.0,87.0,100.0,100.0,100.0,99.0,99.0,99.0,97.0,98.0,99.0,97.0,100.0,100.0,99.0,97.0,95.0,91.0,88.0,95.0,90.0,88.0,92.0,94.0,86.0,91.0,90.0,94.0,87.0,90.0,90.0,88.0,95.0,94.0,93.0,90.0,89.0,82.0,89.0,93.0,93.0,92.0,89.0,98.0,91.0,90.0,99.0,93.0,98.0,96.0,95.0,94.0,95.0,93.0,91.0,94.0,100.0,99.0,97.0,99.0,99.0,99.0,100.0,99.0,100.0,100.0,99.0,94.0,100.0,100.0,100.0,100.0,100.0,99.0,99.0,99.0,99.0,97.0,98.0,99.0,98.0,93.0,97.0,97.0,95.0,94.0,90.0,97.0,93.0
qwen-7b,1048,1000,ood_constants,lora,base,meta,76.62,99.0,87.0,84.0,60.0,68.0,73.0,61.0,65.0,45.0,55.0,100.0,96.0,92.0,83.0,82.0,86.0,85.0,79.0,77.0,74.0,100.0,98.0,89.0,88.0,82.0,77.0,72.0,66.0,65.0,67.0,66.0,68.0,57.0,59.0,47.0,56.0,58.0,61.0,55.0,43.0,84.0,80.0,62.0,60.0,59.0,51.0,56.0,61.0,66.0,63.0,47.0,94.0,90.0,77.0,84.0,84.0,84.0,80.0,84.0,76.0,75.0,65.0,71.0,51.0,100.0,96.0,100.0,99.0,96.0,97.0,97.0,93.0,92.0,91.0,89.0,89.0,89.0,89.0,86.0,88.0,88.0,77.0,73.0,100.0,99.0,96.0,80.0,85.0,82.0,75.0,72.0,73.0,65.0,66.0,65.0,64.0,52.0
qwen-7b,1048,1000,ood_words,lora,base,meta,94.14,99.0,94.0,92.0,90.0,84.0,80.0,83.0,89.0,72.0,83.0,100.0,100.0,99.0,98.0,99.0,96.0,98.0,98.0,98.0,97.0,99.0,100.0,99.0,99.0,92.0,92.0,91.0,94.0,91.0,91.0,85.0,92.0,91.0,90.0,85.0,93.0,92.0,94.0,88.0,85.0,98.0,96.0,91.0,86.0,88.0,90.0,88.0,89.0,92.0,92.0,86.0,97.0,97.0,90.0,95.0,92.0,99.0,96.0,94.0,95.0,95.0,96.0,97.0,85.0,99.0,97.0,96.0,99.0,99.0,97.0,99.0,99.0,99.0,98.0,98.0,98.0,99.0,99.0,98.0,98.0,98.0,98.0,98.0,100.0,99.0,98.0,97.0,98.0,98.0,97.0,97.0,95.0,92.0,97.0,89.0,96.0,97.0
qwen-7b,1048,1000,ood_support,lora,base,meta,94.62,100.0,99.0,96.0,90.0,93.0,80.0,84.0,82.0,74.0,85.0,100.0,99.0,100.0,99.0,99.0,100.0,99.0,100.0,99.0,98.0,100.0,100.0,99.0,98.0,94.0,91.0,90.0,94.0,83.0,91.0,93.0,95.0,89.0,83.0,88.0,94.0,94.0,93.0,82.0,88.0,95.0,94.0,93.0,93.0,86.0,87.0,90.0,86.0,91.0,97.0,92.0,98.0,91.0,92.0,98.0,98.0,95.0,97.0,97.0,94.0,93.0,94.0,92.0,86.0,100.0,97.0,96.0,100.0,98.0,99.0,100.0,98.0,100.0,97.0,99.0,99.0,100.0,99.0,100.0,99.0,100.0,98.0,99.0,100.0,98.0,98.0,100.0,97.0,96.0,96.0,95.0,98.0,95.0,97.0,95.0,96.0,95.0
qwen-3b,512,100,normal,lora,base,meta,75.97,93.0,68.0,52.0,46.0,49.0,48.0,43.0,48.0,43.0,64.0,96.0,96.0,96.0,88.0,92.0,92.0,92.0,89.0,85.0,85.0,100.0,97.0,89.0,74.0,71.0,65.0,53.0,65.0,64.0,53.0,59.0,57.0,55.0,50.0,57.0,66.0,54.0,55.0,56.0,54.0,88.0,70.0,59.0,54.0,56.0,57.0,47.0,54.0,63.0,61.0,64.0,77.0,80.0,78.0,88.0,82.0,84.0,81.0,86.0,76.0,88.0,82.0,81.0,81.0,100.0,96.0,99.0,96.0,94.0,93.0,94.0,94.0,91.0,94.0,92.0,84.0,94.0,94.0,93.0,86.0,87.0,82.0,82.0,100.0,93.0,80.0,82.0,83.0,78.0,78.0,78.0,77.0,78.0,74.0,77.0,76.0,74.0
qwen-3b,512,100,ood_constants,lora,base,meta,60.03,77.0,63.0,47.0,44.0,39.0,42.0,50.0,45.0,42.0,56.0,92.0,88.0,82.0,73.0,75.0,73.0,81.0,64.0,63.0,59.0,100.0,96.0,84.0,75.0,69.0,61.0,47.0,49.0,59.0,46.0,41.0,43.0,52.0,32.0,31.0,41.0,38.0,29.0,32.0,30.0,76.0,52.0,41.0,32.0,44.0,45.0,38.0,36.0,49.0,53.0,43.0,59.0,71.0,65.0,70.0,62.0,53.0,53.0,63.0,61.0,55.0,48.0,52.0,45.0,100.0,96.0,98.0,92.0,92.0,87.0,84.0,80.0,84.0,80.0,68.0,69.0,65.0,70.0,63.0,60.0,55.0,45.0,51.0,97.0,72.0,69.0,59.0,64.0,58.0,49.0,53.0,64.0,41.0,46.0,51.0,46.0,39.0
qwen-3b,512,100,ood_words,lora,base,meta,75.45,97.0,68.0,60.0,49.0,51.0,39.0,43.0,45.0,48.0,56.0,97.0,97.0,95.0,94.0,91.0,90.0,92.0,94.0,83.0,82.0,100.0,93.0,87.0,79.0,73.0,60.0,57.0,62.0,60.0,51.0,49.0,64.0,56.0,60.0,57.0,62.0,52.0,57.0,50.0,56.0,81.0,58.0,52.0,57.0,64.0,55.0,55.0,54.0,65.0,66.0,46.0,75.0,76.0,75.0,77.0,84.0,80.0,85.0,84.0,83.0,83.0,81.0,84.0,84.0,100.0,96.0,97.0,95.0,93.0,93.0,89.0,92.0,93.0,91.0,92.0,85.0,92.0,89.0,90.0,86.0,87.0,80.0,80.0,99.0,86.0,79.0,79.0,85.0,79.0,77.0,71.0,86.0,80.0,83.0,80.0,77.0,78.0
qwen-3b,512,100,ood_support,lora,base,meta,76.06,91.0,69.0,54.0,49.0,47.0,45.0,46.0,47.0,46.0,60.0,97.0,97.0,96.0,91.0,91.0,93.0,93.0,87.0,89.0,91.0,100.0,97.0,87.0,73.0,71.0,61.0,49.0,56.0,59.0,62.0,56.0,59.0,58.0,50.0,55.0,68.0,51.0,54.0,56.0,52.0,82.0,70.0,63.0,61.0,54.0,57.0,56.0,57.0,53.0,68.0,59.0,79.0,74.0,81.0,86.0,79.0,79.0,87.0,87.0,84.0,83.0,80.0,84.0,89.0,100.0,97.0,96.0,99.0,96.0,94.0,92.0,93.0,90.0,94.0,90.0,91.0,95.0,93.0,87.0,89.0,89.0,85.0,75.0,98.0,86.0,78.0,81.0,87.0,81.0,80.0,75.0,72.0,81.0,80.0,75.0,78.0,76.0
qwen-3b,1048,1000,normal,lora,base,meta,82.2,99.0,94.0,87.0,75.0,71.0,61.0,59.0,69.0,51.0,58.0,100.0,99.0,100.0,99.0,99.0,98.0,98.0,95.0,94.0,91.0,100.0,100.0,92.0,89.0,85.0,79.0,73.0,82.0,76.0,82.0,64.0,74.0,76.0,77.0,73.0,72.0,75.0,72.0,63.0,55.0,97.0,94.0,83.0,75.0,78.0,71.0,77.0,74.0,77.0,62.0,50.0,78.0,76.0,80.0,86.0,77.0,80.0,86.0,83.0,77.0,75.0,77.0,75.0,73.0,100.0,99.0,97.0,92.0,90.0,87.0,91.0,93.0,97.0,94.0,89.0,89.0,91.0,97.0,94.0,95.0,93.0,94.0,91.0,99.0,90.0,85.0,85.0,81.0,79.0,73.0,62.0,78.0,81.0,73.0,64.0,66.0,67.0
qwen-3b,1048,1000,ood_constants,lora,base,meta,60.93,100.0,81.0,66.0,48.0,48.0,40.0,42.0,41.0,26.0,46.0,98.0,91.0,88.0,81.0,81.0,77.0,81.0,82.0,72.0,67.0,99.0,99.0,88.0,84.0,76.0,67.0,55.0,71.0,65.0,59.0,47.0,52.0,59.0,50.0,43.0,48.0,50.0,50.0,40.0,27.0,94.0,73.0,57.0,54.0,56.0,48.0,54.0,59.0,50.0,37.0,33.0,51.0,41.0,55.0,55.0,55.0,44.0,36.0,41.0,28.0,20.0,31.0,35.0,21.0,100.0,98.0,93.0,87.0,87.0,85.0,88.0,83.0,85.0,88.0,82.0,78.0,83.0,78.0,79.0,83.0,73.0,71.0,63.0,92.0,64.0,53.0,55.0,48.0,51.0,41.0,34.0,31.0,31.0,30.0,28.0,26.0,29.0
qwen-3b,1048,1000,ood_words,lora,base,meta,81.24,100.0,92.0,86.0,75.0,72.0,67.0,63.0,66.0,53.0,62.0,98.0,99.0,99.0,98.0,99.0,98.0,92.0,94.0,96.0,92.0,100.0,98.0,93.0,86.0,86.0,76.0,76.0,77.0,79.0,71.0,71.0,68.0,73.0,74.0,69.0,78.0,72.0,74.0,66.0,56.0,97.0,91.0,84.0,81.0,77.0,73.0,76.0,81.0,74.0,58.0,52.0,75.0,71.0,72.0,83.0,83.0,79.0,79.0,78.0,71.0,66.0,72.0,67.0,69.0,100.0,99.0,94.0,93.0,94.0,91.0,89.0,93.0,95.0,89.0,89.0,88.0,89.0,96.0,97.0,94.0,88.0,89.0,91.0,99.0,89.0,85.0,83.0,82.0,79.0,75.0,65.0,67.0,72.0,70.0,67.0,66.0,70.0
qwen-3b,1048,1000,ood_support,lora,base,meta,82.86,99.0,98.0,89.0,75.0,77.0,58.0,65.0,66.0,64.0,60.0,100.0,100.0,99.0,98.0,98.0,98.0,95.0,97.0,96.0,90.0,100.0,100.0,94.0,88.0,90.0,74.0,76.0,70.0,74.0,73.0,67.0,80.0,73.0,75.0,75.0,76.0,79.0,72.0,64.0,73.0,95.0,95.0,82.0,78.0,82.0,76.0,81.0,68.0,77.0,65.0,53.0,80.0,79.0,73.0,82.0,81.0,77.0,84.0,81.0,74.0,70.0,71.0,73.0,70.0,100.0,97.0,95.0,93.0,93.0,91.0,91.0,97.0,94.0,92.0,91.0,95.0,98.0,93.0,96.0,96.0,96.0,93.0,97.0,100.0,89.0,83.0,83.0,82.0,83.0,70.0,71.0,80.0,71.0,69.0,73.0,71.0,72.0
qwen-7b,1596,100,normal,lora,base,meta,75.72,100.0,85.0,71.0,58.0,59.0,56.0,57.0,57.0,48.0,63.0,98.0,97.0,97.0,94.0,94.0,91.0,93.0,94.0,87.0,79.0,99.0,99.0,88.0,85.0,77.0,63.0,56.0,67.0,67.0,62.0,54.0,64.0,56.0,56.0,58.0,60.0,59.0,60.0,53.0,56.0,87.0,68.0,54.0,61.0,47.0,46.0,44.0,49.0,63.0,59.0,45.0,66.0,65.0,72.0,62.0,68.0,67.0,64.0,65.0,65.0,68.0,60.0,71.0,66.0,98.0,100.0,98.0,100.0,98.0,97.0,97.0,97.0,94.0,98.0,93.0,98.0,98.0,96.0,99.0,98.0,98.0,96.0,93.0,100.0,92.0,78.0,78.0,83.0,77.0,70.0,81.0,72.0,73.0,76.0,80.0,74.0,66.0
qwen-7b,1596,100,ood_constants,lora,base,meta,62.43,90.0,83.0,63.0,44.0,54.0,53.0,51.0,53.0,42.0,47.0,96.0,97.0,88.0,85.0,81.0,82.0,81.0,73.0,67.0,63.0,99.0,97.0,84.0,75.0,68.0,57.0,44.0,53.0,62.0,51.0,50.0,46.0,46.0,42.0,42.0,41.0,47.0,46.0,40.0,44.0,78.0,69.0,45.0,45.0,48.0,38.0,34.0,48.0,45.0,39.0,28.0,41.0,55.0,40.0,44.0,46.0,37.0,38.0,39.0,37.0,45.0,39.0,44.0,33.0,99.0,98.0,99.0,96.0,95.0,95.0,95.0,92.0,91.0,92.0,91.0,88.0,82.0,81.0,86.0,75.0,83.0,74.0,78.0,97.0,74.0,73.0,64.0,59.0,59.0,52.0,42.0,48.0,44.0,44.0,50.0,40.0,38.0
qwen-7b,1596,100,ood_words,lora,base,meta,74.82,100.0,85.0,75.0,56.0,57.0,46.0,51.0,58.0,50.0,61.0,98.0,97.0,96.0,95.0,93.0,91.0,88.0,91.0,95.0,77.0,100.0,98.0,92.0,81.0,79.0,65.0,55.0,65.0,64.0,59.0,53.0,63.0,59.0,53.0,60.0,62.0,57.0,64.0,62.0,54.0,88.0,67.0,59.0,59.0,54.0,40.0,43.0,51.0,61.0,49.0,48.0,58.0,69.0,63.0,65.0,66.0,64.0,70.0,54.0,65.0,66.0,69.0,61.0,64.0,99.0,100.0,99.0,97.0,98.0,99.0,97.0,96.0,99.0,100.0,94.0,93.0,94.0,95.0,100.0,94.0,93.0,91.0,94.0,100.0,89.0,74.0,78.0,77.0,75.0,76.0,74.0,76.0,72.0,70.0,74.0,65.0,68.0
qwen-7b,1596,100,ood_support,lora,base,meta,75.93,100.0,87.0,70.0,63.0,61.0,58.0,54.0,59.0,49.0,68.0,99.0,98.0,98.0,98.0,91.0,90.0,88.0,90.0,88.0,85.0,100.0,98.0,92.0,82.0,74.0,71.0,57.0,63.0,62.0,66.0,58.0,67.0,52.0,53.0,64.0,65.0,57.0,54.0,52.0,57.0,90.0,69.0,57.0,53.0,51.0,49.0,47.0,52.0,56.0,55.0,42.0,61.0,63.0,73.0,61.0,68.0,65.0,62.0,62.0,56.0,69.0,53.0,73.0,64.0,98.0,100.0,99.0,99.0,100.0,98.0,99.0,99.0,99.0,97.0,95.0,91.0,95.0,97.0,100.0,98.0,97.0,97.0,99.0,100.0,91.0,75.0,82.0,90.0,80.0,74.0,80.0,79.0,70.0,76.0,79.0,73.0,70.0
